"","x"
"1",8
"2",11
"3",11
"4",13
"5",12
"6",14
"7",14
"8",6
"9",11
"10",11
"11",5
"12",12
"13",5
"14",8
"15",10
"16",5
"17",14
"18",11
"19",16
"20",14
"21",14
"22",15
"23",14
"24",9
"25",15
"26",11
"27",7
"28",7
"29",12
"30",13
"31",8
"32",6
"33",14
"34",13
"35",14
"36",18
"37",8
"38",16
"39",8
"40",8
"41",12
"42",13
"43",10
"44",8
"45",11
"46",9
"47",7
"48",12
"49",13
"50",7
"51",13
"52",9
"53",16
"54",7
"55",6
"56",14
"57",10
"58",3
"59",11
"60",10
"61",4
"62",16
"63",11
"64",10
"65",16
"66",11
"67",18
"68",7
"69",13
"70",10
"71",12
"72",8
"73",9
"74",5
"75",9
"76",6
"77",14
"78",9
"79",9
"80",9
"81",16
"82",19
"83",8
"84",11
"85",8
"86",11
"87",11
"88",9
"89",15
"90",12
"91",4
"92",14
"93",9
"94",7
"95",15
"96",18
"97",12
"98",9
"99",7
"100",10
"101",8
"102",12
"103",9
"104",7
"105",6
"106",9
"107",8
"108",9
"109",18
"110",9
"111",8
"112",16
"113",15
"114",13
"115",14
"116",5
"117",12
"118",12
"119",5
"120",13
"121",12
"122",12
"123",8
"124",9
"125",11
"126",11
"127",17
"128",12
"129",14
"130",15
"131",10
"132",9
"133",6
"134",10
"135",15
"136",12
"137",7
"138",11
"139",16
"140",6
"141",12
"142",16
"143",14
"144",7
"145",7
"146",11
"147",7
"148",14
"149",15
"150",10
"151",12
"152",11
"153",7
"154",13
"155",6
"156",10
"157",10
"158",13
"159",15
"160",18
"161",9
"162",13
"163",7
"164",6
"165",7
"166",13
"167",11
"168",7
"169",10
"170",11
"171",7
"172",11
"173",6
"174",8
"175",9
"176",10
"177",17
"178",9
"179",6
"180",5
"181",10
"182",10
"183",9
"184",11
"185",9
"186",15
"187",16
"188",19
"189",9
"190",7
"191",9
"192",12
"193",15
"194",11
"195",11
"196",14
"197",13
"198",7
"199",16
"200",12
"201",11
"202",13
"203",16
"204",7
"205",11
"206",7
"207",10
"208",5
"209",12
"210",5
"211",8
"212",10
"213",9
"214",8
"215",11
"216",11
"217",11
"218",7
"219",12
"220",17
"221",11
"222",8
"223",6
"224",10
"225",11
"226",10
"227",7
"228",5
"229",9
"230",6
"231",13
"232",13
"233",6
"234",8
"235",6
"236",9
"237",10
"238",11
"239",10
"240",13
"241",13
"242",10
"243",12
"244",8
"245",12
"246",11
"247",8
"248",15
"249",10
"250",9
"251",9
"252",12
"253",17
"254",14
"255",7
"256",10
"257",13
"258",9
"259",15
"260",13
"261",18
"262",11
"263",14
"264",23
"265",11
"266",8
"267",3
"268",11
"269",16
"270",12
"271",17
"272",11
"273",9
"274",11
"275",10
"276",11
"277",13
"278",8
"279",13
"280",9
"281",10
"282",6
"283",10
"284",8
"285",9
"286",11
"287",13
"288",12
"289",11
"290",7
"291",12
"292",12
"293",10
"294",7
"295",9
"296",9
"297",12
"298",9
"299",10
"300",9
"301",10
"302",13
"303",14
"304",5
"305",8
"306",10
"307",5
"308",13
"309",10
"310",13
"311",7
"312",11
"313",6
"314",5
"315",8
"316",10
"317",10
"318",14
"319",10
"320",17
"321",5
"322",10
"323",10
"324",16
"325",13
"326",14
"327",10
"328",11
"329",16
"330",11
"331",9
"332",7
"333",12
"334",10
"335",10
"336",9
"337",12
"338",13
"339",6
"340",15
"341",11
"342",5
"343",10
"344",9
"345",13
"346",10
"347",7
"348",11
"349",9
"350",14
"351",16
"352",6
"353",12
"354",11
"355",12
"356",4
"357",8
"358",7
"359",12
"360",11
"361",6
"362",7
"363",18
"364",7
"365",14
"366",12
"367",9
"368",18
"369",7
"370",13
"371",10
"372",11
"373",7
"374",7
"375",10
"376",9
"377",4
"378",11
"379",12
"380",15
"381",12
"382",17
"383",10
"384",8
"385",9
"386",8
"387",13
"388",17
"389",6
"390",13
"391",9
"392",14
"393",14
"394",6
"395",12
"396",11
"397",12
"398",16
"399",16
"400",7
"401",10
"402",16
"403",12
"404",14
"405",8
"406",9
"407",11
"408",11
"409",11
"410",14
"411",16
"412",9
"413",12
"414",10
"415",7
"416",15
"417",17
"418",9
"419",16
"420",10
"421",6
"422",17
"423",8
"424",11
"425",11
"426",7
"427",15
"428",10
"429",10
"430",10
"431",6
"432",13
"433",12
"434",11
"435",12
"436",15
"437",8
"438",9
"439",12
"440",18
"441",10
"442",11
"443",14
"444",16
"445",11
"446",10
"447",9
"448",12
"449",8
"450",10
"451",16
"452",7
"453",10
"454",14
"455",12
"456",13
"457",18
"458",9
"459",11
"460",12
"461",11
"462",10
"463",13
"464",10
"465",21
"466",11
"467",7
"468",6
"469",6
"470",15
"471",11
"472",9
"473",15
"474",8
"475",6
"476",12
"477",10
"478",10
"479",7
"480",7
"481",16
"482",15
"483",14
"484",14
"485",7
"486",7
"487",11
"488",7
"489",9
"490",12
"491",8
"492",12
"493",16
"494",19
"495",10
"496",11
"497",9
"498",11
"499",7
"500",10
"501",13
"502",9
"503",9
"504",12
"505",10
"506",13
"507",5
"508",6
"509",16
"510",14
"511",15
"512",10
"513",11
"514",11
"515",16
"516",8
"517",12
"518",13
"519",19
"520",21
"521",5
"522",18
"523",16
"524",9
"525",12
"526",10
"527",11
"528",8
"529",10
"530",9
"531",5
"532",7
"533",11
"534",16
"535",10
"536",13
"537",11
"538",3
"539",17
"540",10
"541",9
"542",10
"543",9
"544",12
"545",10
"546",13
"547",12
"548",15
"549",14
"550",15
"551",8
"552",17
"553",8
"554",7
"555",9
"556",21
"557",8
"558",9
"559",18
"560",9
"561",13
"562",7
"563",10
"564",14
"565",11
"566",8
"567",10
"568",6
"569",7
"570",7
"571",9
"572",6
"573",13
"574",11
"575",8
"576",15
"577",7
"578",15
"579",2
"580",12
"581",9
"582",10
"583",8
"584",12
"585",9
"586",20
"587",3
"588",19
"589",19
"590",10
"591",11
"592",11
"593",12
"594",5
"595",11
"596",17
"597",7
"598",16
"599",4
"600",16
"601",7
"602",16
"603",18
"604",16
"605",16
"606",8
"607",10
"608",9
"609",16
"610",9
"611",10
"612",10
"613",11
"614",8
"615",11
"616",9
"617",15
"618",11
"619",8
"620",11
"621",13
"622",9
"623",10
"624",11
"625",10
"626",13
"627",17
"628",8
"629",9
"630",7
"631",9
"632",15
"633",9
"634",13
"635",8
"636",12
"637",10
"638",12
"639",11
"640",12
"641",11
"642",14
"643",11
"644",17
"645",7
"646",8
"647",11
"648",9
"649",13
"650",12
"651",7
"652",12
"653",17
"654",13
"655",3
"656",8
"657",3
"658",9
"659",4
"660",7
"661",10
"662",7
"663",16
"664",14
"665",8
"666",10
"667",10
"668",12
"669",12
"670",9
"671",11
"672",12
"673",9
"674",15
"675",11
"676",15
"677",14
"678",16
"679",7
"680",14
"681",9
"682",11
"683",9
"684",11
"685",12
"686",6
"687",15
"688",7
"689",8
"690",13
"691",6
"692",12
"693",13
"694",7
"695",11
"696",11
"697",8
"698",9
"699",7
"700",8
"701",11
"702",10
"703",11
"704",10
"705",5
"706",8
"707",13
"708",6
"709",7
"710",16
"711",10
"712",14
"713",10
"714",12
"715",12
"716",8
"717",7
"718",5
"719",12
"720",15
"721",8
"722",14
"723",13
"724",16
"725",10
"726",9
"727",13
"728",13
"729",7
"730",10
"731",13
"732",9
"733",8
"734",8
"735",13
"736",14
"737",11
"738",8
"739",14
"740",10
"741",13
"742",15
"743",16
"744",8
"745",15
"746",15
"747",7
"748",13
"749",19
"750",4
"751",10
"752",11
"753",12
"754",9
"755",9
"756",13
"757",13
"758",6
"759",9
"760",11
"761",10
"762",11
"763",11
"764",16
"765",11
"766",10
"767",16
"768",10
"769",12
"770",8
"771",6
"772",13
"773",17
"774",5
"775",15
"776",8
"777",13
"778",8
"779",11
"780",14
"781",8
"782",10
"783",11
"784",11
"785",11
"786",9
"787",9
"788",7
"789",14
"790",10
"791",18
"792",13
"793",12
"794",11
"795",10
"796",9
"797",11
"798",7
"799",7
"800",14
"801",7
"802",6
"803",7
"804",8
"805",7
"806",8
"807",9
"808",15
"809",12
"810",11
"811",12
"812",13
"813",6
"814",10
"815",8
"816",12
"817",13
"818",6
"819",5
"820",8
"821",14
"822",7
"823",10
"824",15
"825",7
"826",11
"827",9
"828",6
"829",14
"830",13
"831",8
"832",8
"833",10
"834",12
"835",15
"836",9
"837",12
"838",13
"839",12
"840",13
"841",12
"842",9
"843",14
"844",12
"845",12
"846",9
"847",16
"848",13
"849",13
"850",13
"851",8
"852",15
"853",13
"854",8
"855",11
"856",5
"857",9
"858",10
"859",6
"860",12
"861",12
"862",11
"863",4
"864",13
"865",14
"866",8
"867",12
"868",17
"869",11
"870",10
"871",20
"872",12
"873",12
"874",5
"875",8
"876",8
"877",11
"878",9
"879",14
"880",10
"881",9
"882",7
"883",7
"884",7
"885",15
"886",11
"887",15
"888",16
"889",14
"890",13
"891",11
"892",13
"893",13
"894",15
"895",12
"896",12
"897",9
"898",12
"899",8
"900",10
"901",13
"902",11
"903",8
"904",14
"905",12
"906",13
"907",13
"908",7
"909",8
"910",10
"911",10
"912",8
"913",10
"914",8
"915",14
"916",8
"917",17
"918",17
"919",13
"920",9
"921",10
"922",6
"923",7
"924",8
"925",11
"926",11
"927",11
"928",13
"929",9
"930",15
"931",7
"932",9
"933",12
"934",9
"935",15
"936",10
"937",11
"938",7
"939",11
"940",12
"941",5
"942",19
"943",9
"944",7
"945",6
"946",13
"947",8
"948",10
"949",9
"950",12
"951",6
"952",10
"953",10
"954",9
"955",5
"956",10
"957",13
"958",8
"959",20
"960",4
"961",10
"962",12
"963",10
"964",12
"965",15
"966",11
"967",14
"968",14
"969",10
"970",8
"971",10
"972",11
"973",13
"974",6
"975",12
"976",16
"977",14
"978",15
"979",9
"980",9
"981",13
"982",8
"983",9
"984",6
"985",14
"986",10
"987",8
"988",12
"989",10
"990",9
"991",9
"992",17
"993",11
"994",9
"995",5
"996",5
"997",13
"998",7
"999",12
"1000",11
"1001",7
"1002",10
"1003",6
"1004",11
"1005",9
"1006",14
"1007",9
"1008",14
"1009",6
"1010",10
"1011",9
"1012",8
"1013",16
"1014",8
"1015",15
"1016",12
"1017",12
"1018",14
"1019",12
"1020",10
"1021",13
"1022",10
"1023",10
"1024",9
"1025",11
"1026",5
"1027",14
"1028",16
"1029",16
"1030",12
"1031",19
"1032",10
"1033",7
"1034",14
"1035",16
"1036",19
"1037",6
"1038",13
"1039",9
"1040",9
"1041",10
"1042",8
"1043",9
"1044",16
"1045",6
"1046",8
"1047",18
"1048",12
"1049",10
"1050",14
"1051",9
"1052",7
"1053",8
"1054",11
"1055",18
"1056",8
"1057",13
"1058",13
"1059",8
"1060",8
"1061",9
"1062",12
"1063",10
"1064",9
"1065",6
"1066",10
"1067",15
"1068",10
"1069",8
"1070",12
"1071",7
"1072",3
"1073",18
"1074",11
"1075",14
"1076",8
"1077",10
"1078",19
"1079",13
"1080",8
"1081",12
"1082",12
"1083",13
"1084",14
"1085",6
"1086",12
"1087",9
"1088",16
"1089",13
"1090",9
"1091",16
"1092",22
"1093",4
"1094",7
"1095",11
"1096",11
"1097",10
"1098",13
"1099",9
"1100",7
"1101",12
"1102",7
"1103",14
"1104",14
"1105",14
"1106",9
"1107",10
"1108",15
"1109",12
"1110",12
"1111",8
"1112",11
"1113",13
"1114",5
"1115",9
"1116",13
"1117",14
"1118",6
"1119",10
"1120",14
"1121",14
"1122",13
"1123",14
"1124",14
"1125",8
"1126",8
"1127",17
"1128",13
"1129",11
"1130",9
"1131",8
"1132",7
"1133",13
"1134",11
"1135",13
"1136",8
"1137",15
"1138",6
"1139",15
"1140",11
"1141",11
"1142",10
"1143",9
"1144",15
"1145",13
"1146",9
"1147",11
"1148",12
"1149",12
"1150",12
"1151",10
"1152",11
"1153",10
"1154",11
"1155",10
"1156",17
"1157",13
"1158",10
"1159",9
"1160",9
"1161",15
"1162",11
"1163",11
"1164",9
"1165",16
"1166",13
"1167",13
"1168",14
"1169",14
"1170",10
"1171",13
"1172",8
"1173",10
"1174",11
"1175",8
"1176",13
"1177",11
"1178",9
"1179",9
"1180",17
"1181",10
"1182",9
"1183",11
"1184",11
"1185",7
"1186",4
"1187",12
"1188",11
"1189",9
"1190",9
"1191",10
"1192",7
"1193",10
"1194",9
"1195",12
"1196",10
"1197",14
"1198",13
"1199",6
"1200",3
"1201",11
"1202",9
"1203",13
"1204",16
"1205",13
"1206",10
"1207",6
"1208",9
"1209",14
"1210",7
"1211",12
"1212",10
"1213",14
"1214",14
"1215",14
"1216",18
"1217",8
"1218",14
"1219",12
"1220",8
"1221",10
"1222",19
"1223",12
"1224",11
"1225",11
"1226",13
"1227",13
"1228",10
"1229",10
"1230",14
"1231",8
"1232",7
"1233",10
"1234",14
"1235",16
"1236",10
"1237",13
"1238",15
"1239",7
"1240",10
"1241",12
"1242",9
"1243",15
"1244",23
"1245",14
"1246",8
"1247",12
"1248",7
"1249",8
"1250",7
"1251",9
"1252",13
"1253",14
"1254",10
"1255",9
"1256",7
"1257",10
"1258",12
"1259",10
"1260",9
"1261",6
"1262",7
"1263",12
"1264",16
"1265",13
"1266",13
"1267",8
"1268",11
"1269",13
"1270",7
"1271",14
"1272",10
"1273",13
"1274",15
"1275",14
"1276",14
"1277",16
"1278",10
"1279",9
"1280",9
"1281",11
"1282",13
"1283",8
"1284",7
"1285",11
"1286",10
"1287",7
"1288",9
"1289",14
"1290",8
"1291",6
"1292",15
"1293",6
"1294",11
"1295",9
"1296",13
"1297",10
"1298",10
"1299",7
"1300",15
"1301",11
"1302",8
"1303",20
"1304",10
"1305",14
"1306",11
"1307",10
"1308",12
"1309",13
"1310",15
"1311",11
"1312",9
"1313",9
"1314",8
"1315",7
"1316",11
"1317",5
"1318",8
"1319",5
"1320",8
"1321",12
"1322",13
"1323",4
"1324",13
"1325",13
"1326",8
"1327",14
"1328",12
"1329",13
"1330",15
"1331",9
"1332",7
"1333",7
"1334",16
"1335",12
"1336",7
"1337",12
"1338",9
"1339",10
"1340",11
"1341",7
"1342",13
"1343",8
"1344",12
"1345",17
"1346",7
"1347",10
"1348",10
"1349",14
"1350",12
"1351",9
"1352",12
"1353",13
"1354",14
"1355",11
"1356",12
"1357",13
"1358",10
"1359",11
"1360",9
"1361",4
"1362",11
"1363",16
"1364",10
"1365",10
"1366",12
"1367",8
"1368",11
"1369",9
"1370",5
"1371",22
"1372",12
"1373",3
"1374",9
"1375",12
"1376",20
"1377",7
"1378",10
"1379",12
"1380",11
"1381",13
"1382",12
"1383",17
"1384",9
"1385",9
"1386",7
"1387",12
"1388",10
"1389",8
"1390",14
"1391",11
"1392",6
"1393",10
"1394",14
"1395",9
"1396",12
"1397",13
"1398",13
"1399",12
"1400",10
"1401",10
"1402",11
"1403",12
"1404",9
"1405",10
"1406",12
"1407",5
"1408",5
"1409",9
"1410",7
"1411",11
"1412",11
"1413",9
"1414",12
"1415",12
"1416",8
"1417",17
"1418",10
"1419",8
"1420",19
"1421",6
"1422",12
"1423",9
"1424",8
"1425",9
"1426",17
"1427",10
"1428",10
"1429",17
"1430",15
"1431",7
"1432",14
"1433",5
"1434",11
"1435",13
"1436",9
"1437",20
"1438",16
"1439",12
"1440",11
"1441",8
"1442",9
"1443",18
"1444",15
"1445",15
"1446",13
"1447",9
"1448",11
"1449",8
"1450",8
"1451",11
"1452",12
"1453",9
"1454",17
"1455",12
"1456",4
"1457",10
"1458",7
"1459",6
"1460",13
"1461",13
"1462",4
"1463",13
"1464",13
"1465",8
"1466",8
"1467",9
"1468",6
"1469",12
"1470",6
"1471",10
"1472",9
"1473",11
"1474",18
"1475",16
"1476",10
"1477",9
"1478",11
"1479",8
"1480",11
"1481",17
"1482",14
"1483",19
"1484",11
"1485",7
"1486",12
"1487",14
"1488",9
"1489",4
"1490",10
"1491",8
"1492",11
"1493",10
"1494",18
"1495",11
"1496",8
"1497",13
"1498",15
"1499",12
"1500",12
"1501",12
"1502",12
"1503",14
"1504",13
"1505",11
"1506",13
"1507",7
"1508",10
"1509",14
"1510",8
"1511",13
"1512",19
"1513",13
"1514",8
"1515",12
"1516",14
"1517",16
"1518",7
"1519",11
"1520",5
"1521",10
"1522",19
"1523",7
"1524",9
"1525",8
"1526",14
"1527",9
"1528",12
"1529",11
"1530",11
"1531",10
"1532",21
"1533",10
"1534",11
"1535",18
"1536",13
"1537",3
"1538",9
"1539",11
"1540",15
"1541",10
"1542",10
"1543",17
"1544",7
"1545",9
"1546",13
"1547",11
"1548",11
"1549",13
"1550",13
"1551",7
"1552",14
"1553",20
"1554",11
"1555",10
"1556",9
"1557",5
"1558",10
"1559",14
"1560",12
"1561",8
"1562",12
"1563",12
"1564",15
"1565",12
"1566",9
"1567",7
"1568",10
"1569",12
"1570",10
"1571",10
"1572",6
"1573",14
"1574",13
"1575",6
"1576",11
"1577",17
"1578",12
"1579",12
"1580",9
"1581",12
"1582",14
"1583",11
"1584",15
"1585",12
"1586",11
"1587",6
"1588",15
"1589",3
"1590",12
"1591",10
"1592",14
"1593",8
"1594",11
"1595",10
"1596",5
"1597",14
"1598",17
"1599",7
"1600",10
"1601",10
"1602",11
"1603",6
"1604",12
"1605",9
"1606",8
"1607",8
"1608",9
"1609",9
"1610",10
"1611",8
"1612",13
"1613",13
"1614",11
"1615",12
"1616",10
"1617",11
"1618",13
"1619",8
"1620",13
"1621",25
"1622",10
"1623",6
"1624",13
"1625",13
"1626",13
"1627",10
"1628",11
"1629",13
"1630",12
"1631",8
"1632",11
"1633",8
"1634",12
"1635",18
"1636",16
"1637",11
"1638",14
"1639",6
"1640",12
"1641",12
"1642",9
"1643",7
"1644",6
"1645",8
"1646",11
"1647",10
"1648",4
"1649",9
"1650",12
"1651",10
"1652",15
"1653",14
"1654",10
"1655",11
"1656",8
"1657",10
"1658",9
"1659",5
"1660",14
"1661",14
"1662",9
"1663",21
"1664",12
"1665",10
"1666",9
"1667",16
"1668",13
"1669",12
"1670",7
"1671",16
"1672",11
"1673",10
"1674",9
"1675",9
"1676",17
"1677",13
"1678",8
"1679",9
"1680",10
"1681",17
"1682",9
"1683",17
"1684",15
"1685",15
"1686",12
"1687",13
"1688",18
"1689",14
"1690",12
"1691",12
"1692",19
"1693",9
"1694",19
"1695",12
"1696",14
"1697",12
"1698",8
"1699",12
"1700",9
"1701",15
"1702",11
"1703",13
"1704",7
"1705",14
"1706",10
"1707",9
"1708",15
"1709",11
"1710",16
"1711",11
"1712",7
"1713",15
"1714",9
"1715",13
"1716",8
"1717",16
"1718",3
"1719",11
"1720",15
"1721",11
"1722",18
"1723",13
"1724",14
"1725",17
"1726",9
"1727",9
"1728",16
"1729",20
"1730",11
"1731",11
"1732",7
"1733",13
"1734",10
"1735",7
"1736",17
"1737",10
"1738",12
"1739",13
"1740",11
"1741",11
"1742",12
"1743",9
"1744",10
"1745",13
"1746",8
"1747",12
"1748",8
"1749",12
"1750",14
"1751",11
"1752",10
"1753",13
"1754",8
"1755",7
"1756",11
"1757",8
"1758",13
"1759",18
"1760",11
"1761",15
"1762",14
"1763",6
"1764",6
"1765",15
"1766",15
"1767",9
"1768",15
"1769",14
"1770",10
"1771",5
"1772",12
"1773",11
"1774",12
"1775",9
"1776",10
"1777",5
"1778",9
"1779",9
"1780",7
"1781",14
"1782",11
"1783",9
"1784",9
"1785",9
"1786",11
"1787",13
"1788",7
"1789",16
"1790",10
"1791",6
"1792",12
"1793",17
"1794",5
"1795",11
"1796",10
"1797",17
"1798",13
"1799",8
"1800",10
"1801",8
"1802",14
"1803",5
"1804",9
"1805",13
"1806",8
"1807",15
"1808",7
"1809",12
"1810",13
"1811",18
"1812",6
"1813",11
"1814",6
"1815",12
"1816",9
"1817",14
"1818",8
"1819",8
"1820",8
"1821",14
"1822",9
"1823",22
"1824",8
"1825",13
"1826",15
"1827",14
"1828",19
"1829",7
"1830",7
"1831",11
"1832",6
"1833",10
"1834",11
"1835",10
"1836",10
"1837",6
"1838",14
"1839",20
"1840",14
"1841",13
"1842",10
"1843",9
"1844",10
"1845",6
"1846",11
"1847",9
"1848",11
"1849",11
"1850",10
"1851",11
"1852",6
"1853",5
"1854",7
"1855",10
"1856",15
"1857",13
"1858",10
"1859",11
"1860",12
"1861",11
"1862",9
"1863",7
"1864",16
"1865",12
"1866",9
"1867",11
"1868",10
"1869",5
"1870",9
"1871",9
"1872",11
"1873",10
"1874",9
"1875",17
"1876",11
"1877",11
"1878",13
"1879",16
"1880",18
"1881",10
"1882",13
"1883",13
"1884",6
"1885",8
"1886",18
"1887",13
"1888",13
"1889",10
"1890",5
"1891",15
"1892",15
"1893",11
"1894",9
"1895",8
"1896",7
"1897",12
"1898",16
"1899",10
"1900",11
"1901",13
"1902",9
"1903",10
"1904",13
"1905",15
"1906",11
"1907",10
"1908",14
"1909",13
"1910",9
"1911",10
"1912",8
"1913",7
"1914",14
"1915",9
"1916",10
"1917",10
"1918",14
"1919",9
"1920",16
"1921",10
"1922",8
"1923",9
"1924",4
"1925",9
"1926",12
"1927",8
"1928",8
"1929",11
"1930",7
"1931",9
"1932",7
"1933",9
"1934",11
"1935",14
"1936",11
"1937",13
"1938",12
"1939",11
"1940",9
"1941",10
"1942",15
"1943",10
"1944",13
"1945",5
"1946",12
"1947",7
"1948",7
"1949",8
"1950",13
"1951",13
"1952",16
"1953",15
"1954",15
"1955",9
"1956",8
"1957",11
"1958",8
"1959",10
"1960",8
"1961",14
"1962",13
"1963",10
"1964",12
"1965",10
"1966",10
"1967",17
"1968",15
"1969",9
"1970",8
"1971",7
"1972",13
"1973",5
"1974",6
"1975",8
"1976",8
"1977",6
"1978",9
"1979",9
"1980",17
"1981",7
"1982",9
"1983",8
"1984",11
"1985",15
"1986",9
"1987",9
"1988",10
"1989",10
"1990",10
"1991",11
"1992",13
"1993",11
"1994",18
"1995",11
"1996",11
"1997",17
"1998",8
"1999",13
"2000",7
"2001",10
"2002",19
"2003",7
"2004",13
"2005",10
"2006",8
"2007",12
"2008",12
"2009",9
"2010",8
"2011",9
"2012",6
"2013",14
"2014",7
"2015",10
"2016",14
"2017",6
"2018",13
"2019",13
"2020",9
"2021",18
"2022",6
"2023",5
"2024",13
"2025",8
"2026",6
"2027",8
"2028",14
"2029",9
"2030",15
"2031",9
"2032",4
"2033",15
"2034",7
"2035",14
"2036",11
"2037",11
"2038",14
"2039",10
"2040",13
"2041",20
"2042",7
"2043",10
"2044",11
"2045",12
"2046",16
"2047",5
"2048",9
"2049",9
"2050",18
"2051",13
"2052",15
"2053",12
"2054",15
"2055",10
"2056",13
"2057",6
"2058",11
"2059",12
"2060",11
"2061",8
"2062",9
"2063",16
"2064",12
"2065",12
"2066",10
"2067",15
"2068",9
"2069",7
"2070",6
"2071",16
"2072",9
"2073",14
"2074",15
"2075",8
"2076",14
"2077",10
"2078",13
"2079",7
"2080",11
"2081",10
"2082",12
"2083",15
"2084",10
"2085",11
"2086",13
"2087",14
"2088",10
"2089",16
"2090",13
"2091",15
"2092",13
"2093",12
"2094",9
"2095",12
"2096",14
"2097",12
"2098",8
"2099",10
"2100",12
"2101",19
"2102",14
"2103",9
"2104",10
"2105",11
"2106",10
"2107",12
"2108",12
"2109",13
"2110",16
"2111",5
"2112",14
"2113",7
"2114",10
"2115",11
"2116",7
"2117",10
"2118",6
"2119",13
"2120",7
"2121",9
"2122",13
"2123",16
"2124",9
"2125",10
"2126",16
"2127",12
"2128",18
"2129",8
"2130",10
"2131",9
"2132",8
"2133",16
"2134",11
"2135",9
"2136",10
"2137",7
"2138",11
"2139",12
"2140",12
"2141",15
"2142",12
"2143",11
"2144",9
"2145",12
"2146",10
"2147",11
"2148",12
"2149",17
"2150",7
"2151",15
"2152",11
"2153",12
"2154",14
"2155",11
"2156",6
"2157",11
"2158",9
"2159",6
"2160",10
"2161",7
"2162",7
"2163",15
"2164",17
"2165",8
"2166",12
"2167",12
"2168",18
"2169",13
"2170",15
"2171",12
"2172",10
"2173",6
"2174",8
"2175",9
"2176",7
"2177",13
"2178",16
"2179",7
"2180",11
"2181",7
"2182",11
"2183",12
"2184",9
"2185",12
"2186",8
"2187",14
"2188",8
"2189",8
"2190",6
"2191",16
"2192",7
"2193",13
"2194",11
"2195",7
"2196",10
"2197",5
"2198",14
"2199",10
"2200",12
"2201",18
"2202",11
"2203",17
"2204",9
"2205",23
"2206",6
"2207",9
"2208",10
"2209",12
"2210",13
"2211",11
"2212",14
"2213",7
"2214",5
"2215",9
"2216",9
"2217",19
"2218",10
"2219",13
"2220",6
"2221",7
"2222",5
"2223",14
"2224",10
"2225",9
"2226",13
"2227",7
"2228",14
"2229",10
"2230",14
"2231",11
"2232",10
"2233",8
"2234",14
"2235",12
"2236",10
"2237",12
"2238",21
"2239",15
"2240",11
"2241",10
"2242",5
"2243",12
"2244",14
"2245",14
"2246",13
"2247",4
"2248",12
"2249",14
"2250",9
"2251",8
"2252",8
"2253",11
"2254",9
"2255",3
"2256",13
"2257",9
"2258",13
"2259",6
"2260",8
"2261",15
"2262",8
"2263",13
"2264",12
"2265",7
"2266",15
"2267",14
"2268",13
"2269",6
"2270",5
"2271",9
"2272",11
"2273",12
"2274",10
"2275",11
"2276",10
"2277",8
"2278",12
"2279",13
"2280",12
"2281",11
"2282",11
"2283",14
"2284",8
"2285",5
"2286",13
"2287",7
"2288",12
"2289",11
"2290",11
"2291",17
"2292",11
"2293",12
"2294",12
"2295",14
"2296",11
"2297",19
"2298",11
"2299",10
"2300",4
"2301",11
"2302",17
"2303",17
"2304",14
"2305",13
"2306",14
"2307",17
"2308",12
"2309",15
"2310",12
"2311",10
"2312",6
"2313",6
"2314",11
"2315",8
"2316",13
"2317",14
"2318",12
"2319",16
"2320",9
"2321",11
"2322",12
"2323",10
"2324",12
"2325",3
"2326",8
"2327",13
"2328",11
"2329",9
"2330",14
"2331",15
"2332",12
"2333",10
"2334",10
"2335",10
"2336",15
"2337",11
"2338",10
"2339",9
"2340",10
"2341",15
"2342",12
"2343",15
"2344",10
"2345",13
"2346",15
"2347",4
"2348",12
"2349",9
"2350",9
"2351",10
"2352",11
"2353",9
"2354",11
"2355",10
"2356",17
"2357",8
"2358",20
"2359",9
"2360",7
"2361",13
"2362",4
"2363",8
"2364",12
"2365",13
"2366",7
"2367",7
"2368",15
"2369",11
"2370",11
"2371",12
"2372",11
"2373",14
"2374",10
"2375",14
"2376",8
"2377",9
"2378",12
"2379",10
"2380",10
"2381",12
"2382",18
"2383",8
"2384",15
"2385",12
"2386",11
"2387",14
"2388",6
"2389",19
"2390",10
"2391",15
"2392",12
"2393",9
"2394",9
"2395",11
"2396",7
"2397",11
"2398",10
"2399",10
"2400",8
"2401",9
"2402",16
"2403",13
"2404",9
"2405",4
"2406",10
"2407",15
"2408",8
"2409",12
"2410",12
"2411",10
"2412",12
"2413",13
"2414",13
"2415",14
"2416",8
"2417",10
"2418",20
"2419",12
"2420",16
"2421",15
"2422",12
"2423",10
"2424",13
"2425",12
"2426",9
"2427",9
"2428",16
"2429",13
"2430",9
"2431",11
"2432",16
"2433",11
"2434",8
"2435",10
"2436",8
"2437",12
"2438",14
"2439",9
"2440",10
"2441",10
"2442",10
"2443",7
"2444",13
"2445",6
"2446",17
"2447",9
"2448",9
"2449",12
"2450",10
"2451",13
"2452",4
"2453",9
"2454",17
"2455",7
"2456",14
"2457",14
"2458",13
"2459",15
"2460",9
"2461",7
"2462",9
"2463",11
"2464",12
"2465",8
"2466",10
"2467",11
"2468",13
"2469",11
"2470",17
"2471",6
"2472",6
"2473",14
"2474",9
"2475",12
"2476",8
"2477",6
"2478",9
"2479",12
"2480",8
"2481",11
"2482",5
"2483",10
"2484",5
"2485",10
"2486",13
"2487",8
"2488",6
"2489",5
"2490",12
"2491",10
"2492",10
"2493",16
"2494",11
"2495",11
"2496",9
"2497",8
"2498",17
"2499",6
"2500",7
"2501",18
"2502",16
"2503",13
"2504",15
"2505",5
"2506",6
"2507",12
"2508",7
"2509",10
"2510",5
"2511",15
"2512",11
"2513",13
"2514",10
"2515",7
"2516",3
"2517",10
"2518",14
"2519",13
"2520",10
"2521",8
"2522",3
"2523",14
"2524",17
"2525",13
"2526",12
"2527",5
"2528",8
"2529",5
"2530",12
"2531",8
"2532",16
"2533",6
"2534",14
"2535",3
"2536",5
"2537",13
"2538",15
"2539",13
"2540",14
"2541",7
"2542",9
"2543",12
"2544",6
"2545",17
"2546",14
"2547",5
"2548",8
"2549",6
"2550",11
"2551",11
"2552",17
"2553",7
"2554",7
"2555",8
"2556",10
"2557",10
"2558",8
"2559",10
"2560",16
"2561",10
"2562",8
"2563",10
"2564",17
"2565",15
"2566",7
"2567",12
"2568",13
"2569",11
"2570",12
"2571",15
"2572",8
"2573",5
"2574",11
"2575",11
"2576",9
"2577",13
"2578",13
"2579",11
"2580",10
"2581",7
"2582",10
"2583",10
"2584",14
"2585",20
"2586",14
"2587",7
"2588",6
"2589",13
"2590",19
"2591",14
"2592",10
"2593",7
"2594",10
"2595",9
"2596",10
"2597",8
"2598",14
"2599",6
"2600",13
"2601",9
"2602",7
"2603",9
"2604",7
"2605",17
"2606",10
"2607",11
"2608",9
"2609",21
"2610",8
"2611",10
"2612",13
"2613",15
"2614",13
"2615",5
"2616",14
"2617",12
"2618",11
"2619",8
"2620",11
"2621",9
"2622",9
"2623",9
"2624",13
"2625",16
"2626",11
"2627",12
"2628",13
"2629",10
"2630",18
"2631",8
"2632",11
"2633",7
"2634",10
"2635",17
"2636",4
"2637",8
"2638",10
"2639",16
"2640",12
"2641",13
"2642",10
"2643",10
"2644",12
"2645",11
"2646",14
"2647",12
"2648",17
"2649",10
"2650",9
"2651",10
"2652",11
"2653",9
"2654",16
"2655",17
"2656",13
"2657",11
"2658",10
"2659",19
"2660",14
"2661",13
"2662",15
"2663",6
"2664",13
"2665",10
"2666",8
"2667",14
"2668",15
"2669",7
"2670",10
"2671",12
"2672",10
"2673",13
"2674",10
"2675",13
"2676",18
"2677",9
"2678",12
"2679",18
"2680",16
"2681",13
"2682",15
"2683",6
"2684",14
"2685",11
"2686",18
"2687",15
"2688",10
"2689",10
"2690",10
"2691",8
"2692",9
"2693",10
"2694",5
"2695",9
"2696",19
"2697",9
"2698",17
"2699",13
"2700",9
"2701",11
"2702",16
"2703",7
"2704",12
"2705",10
"2706",14
"2707",6
"2708",10
"2709",8
"2710",8
"2711",16
"2712",13
"2713",4
"2714",16
"2715",12
"2716",11
"2717",11
"2718",13
"2719",13
"2720",19
"2721",11
"2722",16
"2723",16
"2724",13
"2725",9
"2726",14
"2727",20
"2728",9
"2729",10
"2730",10
"2731",8
"2732",7
"2733",16
"2734",8
"2735",15
"2736",5
"2737",4
"2738",15
"2739",14
"2740",8
"2741",7
"2742",8
"2743",8
"2744",9
"2745",11
"2746",16
"2747",13
"2748",14
"2749",12
"2750",10
"2751",6
"2752",6
"2753",12
"2754",12
"2755",9
"2756",10
"2757",12
"2758",14
"2759",8
"2760",13
"2761",9
"2762",10
"2763",7
"2764",6
"2765",17
"2766",13
"2767",10
"2768",4
"2769",10
"2770",9
"2771",4
"2772",13
"2773",9
"2774",10
"2775",19
"2776",16
"2777",11
"2778",12
"2779",11
"2780",13
"2781",7
"2782",11
"2783",8
"2784",12
"2785",19
"2786",10
"2787",9
"2788",11
"2789",10
"2790",13
"2791",12
"2792",17
"2793",8
"2794",13
"2795",19
"2796",12
"2797",9
"2798",17
"2799",10
"2800",8
"2801",7
"2802",9
"2803",11
"2804",11
"2805",12
"2806",9
"2807",15
"2808",20
"2809",6
"2810",7
"2811",14
"2812",16
"2813",7
"2814",8
"2815",13
"2816",18
"2817",14
"2818",12
"2819",18
"2820",13
"2821",13
"2822",14
"2823",10
"2824",7
"2825",14
"2826",14
"2827",13
"2828",19
"2829",9
"2830",12
"2831",13
"2832",7
"2833",10
"2834",6
"2835",10
"2836",9
"2837",14
"2838",8
"2839",14
"2840",14
"2841",9
"2842",8
"2843",6
"2844",7
"2845",20
"2846",12
"2847",10
"2848",11
"2849",12
"2850",10
"2851",10
"2852",17
"2853",10
"2854",7
"2855",9
"2856",11
"2857",13
"2858",12
"2859",16
"2860",10
"2861",11
"2862",10
"2863",9
"2864",6
"2865",6
"2866",10
"2867",10
"2868",10
"2869",9
"2870",15
"2871",12
"2872",16
"2873",8
"2874",11
"2875",10
"2876",9
"2877",10
"2878",14
"2879",10
"2880",11
"2881",7
"2882",13
"2883",6
"2884",11
"2885",12
"2886",8
"2887",10
"2888",14
"2889",11
"2890",16
"2891",10
"2892",13
"2893",10
"2894",12
"2895",7
"2896",13
"2897",14
"2898",8
"2899",10
"2900",11
"2901",8
"2902",11
"2903",13
"2904",8
"2905",8
"2906",7
"2907",13
"2908",15
"2909",12
"2910",8
"2911",9
"2912",10
"2913",8
"2914",9
"2915",15
"2916",16
"2917",11
"2918",11
"2919",12
"2920",12
"2921",13
"2922",10
"2923",15
"2924",12
"2925",7
"2926",9
"2927",7
"2928",7
"2929",9
"2930",6
"2931",12
"2932",12
"2933",13
"2934",9
"2935",13
"2936",11
"2937",13
"2938",12
"2939",17
"2940",14
"2941",11
"2942",17
"2943",15
"2944",8
"2945",11
"2946",12
"2947",14
"2948",13
"2949",13
"2950",15
"2951",11
"2952",7
"2953",11
"2954",7
"2955",10
"2956",13
"2957",12
"2958",3
"2959",14
"2960",13
"2961",10
"2962",9
"2963",11
"2964",11
"2965",11
"2966",15
"2967",13
"2968",6
"2969",14
"2970",9
"2971",14
"2972",9
"2973",6
"2974",12
"2975",12
"2976",9
"2977",14
"2978",8
"2979",7
"2980",17
"2981",16
"2982",8
"2983",11
"2984",9
"2985",10
"2986",12
"2987",13
"2988",12
"2989",7
"2990",14
"2991",7
"2992",10
"2993",6
"2994",9
"2995",6
"2996",12
"2997",8
"2998",13
"2999",10
"3000",17
"3001",8
"3002",12
"3003",18
"3004",9
"3005",14
"3006",9
"3007",12
"3008",11
"3009",14
"3010",8
"3011",10
"3012",11
"3013",9
"3014",14
"3015",7
"3016",10
"3017",12
"3018",14
"3019",8
"3020",14
"3021",15
"3022",8
"3023",8
"3024",11
"3025",10
"3026",8
"3027",13
"3028",8
"3029",11
"3030",12
"3031",13
"3032",12
"3033",8
"3034",13
"3035",13
"3036",14
"3037",9
"3038",10
"3039",9
"3040",8
"3041",12
"3042",18
"3043",14
"3044",9
"3045",11
"3046",6
"3047",10
"3048",7
"3049",8
"3050",12
"3051",12
"3052",15
"3053",12
"3054",13
"3055",12
"3056",6
"3057",12
"3058",6
"3059",15
"3060",18
"3061",16
"3062",11
"3063",6
"3064",9
"3065",8
"3066",14
"3067",8
"3068",17
"3069",10
"3070",12
"3071",7
"3072",12
"3073",11
"3074",8
"3075",9
"3076",11
"3077",12
"3078",10
"3079",14
"3080",15
"3081",18
"3082",10
"3083",9
"3084",13
"3085",18
"3086",11
"3087",10
"3088",9
"3089",9
"3090",11
"3091",15
"3092",7
"3093",14
"3094",6
"3095",14
"3096",12
"3097",7
"3098",12
"3099",5
"3100",14
"3101",11
"3102",8
"3103",8
"3104",14
"3105",13
"3106",17
"3107",18
"3108",7
"3109",16
"3110",10
"3111",10
"3112",10
"3113",12
"3114",18
"3115",11
"3116",14
"3117",10
"3118",10
"3119",16
"3120",9
"3121",17
"3122",17
"3123",13
"3124",8
"3125",15
"3126",17
"3127",7
"3128",11
"3129",8
"3130",11
"3131",9
"3132",11
"3133",11
"3134",16
"3135",8
"3136",16
"3137",16
"3138",10
"3139",8
"3140",10
"3141",12
"3142",11
"3143",7
"3144",14
"3145",9
"3146",19
"3147",19
"3148",6
"3149",14
"3150",10
"3151",7
"3152",14
"3153",8
"3154",3
"3155",15
"3156",11
"3157",10
"3158",9
"3159",8
"3160",16
"3161",15
"3162",9
"3163",8
"3164",10
"3165",12
"3166",12
"3167",20
"3168",5
"3169",12
"3170",15
"3171",13
"3172",10
"3173",14
"3174",12
"3175",12
"3176",10
"3177",10
"3178",11
"3179",11
"3180",13
"3181",11
"3182",17
"3183",11
"3184",8
"3185",11
"3186",12
"3187",10
"3188",8
"3189",13
"3190",17
"3191",8
"3192",11
"3193",11
"3194",9
"3195",11
"3196",12
"3197",12
"3198",14
"3199",8
"3200",14
"3201",11
"3202",14
"3203",10
"3204",8
"3205",14
"3206",14
"3207",10
"3208",16
"3209",9
"3210",13
"3211",9
"3212",8
"3213",8
"3214",11
"3215",11
"3216",8
"3217",15
"3218",14
"3219",12
"3220",15
"3221",12
"3222",10
"3223",19
"3224",15
"3225",15
"3226",11
"3227",6
"3228",16
"3229",12
"3230",10
"3231",17
"3232",8
"3233",10
"3234",9
"3235",9
"3236",10
"3237",17
"3238",7
"3239",7
"3240",14
"3241",8
"3242",8
"3243",9
"3244",16
"3245",19
"3246",15
"3247",8
"3248",9
"3249",16
"3250",13
"3251",12
"3252",12
"3253",14
"3254",12
"3255",15
"3256",11
"3257",12
"3258",12
"3259",12
"3260",7
"3261",14
"3262",7
"3263",8
"3264",11
"3265",12
"3266",19
"3267",12
"3268",16
"3269",15
"3270",10
"3271",11
"3272",12
"3273",8
"3274",8
"3275",10
"3276",16
"3277",4
"3278",13
"3279",7
"3280",12
"3281",16
"3282",14
"3283",11
"3284",6
"3285",17
"3286",9
"3287",11
"3288",11
"3289",16
"3290",11
"3291",12
"3292",15
"3293",3
"3294",13
"3295",14
"3296",19
"3297",8
"3298",12
"3299",7
"3300",9
"3301",8
"3302",4
"3303",9
"3304",12
"3305",11
"3306",12
"3307",11
"3308",9
"3309",10
"3310",12
"3311",14
"3312",9
"3313",13
"3314",13
"3315",10
"3316",9
"3317",9
"3318",11
"3319",15
"3320",9
"3321",8
"3322",5
"3323",9
"3324",7
"3325",14
"3326",15
"3327",12
"3328",10
"3329",7
"3330",13
"3331",6
"3332",10
"3333",6
"3334",10
"3335",6
"3336",9
"3337",12
"3338",4
"3339",14
"3340",9
"3341",12
"3342",8
"3343",10
"3344",8
"3345",14
"3346",15
"3347",13
"3348",11
"3349",9
"3350",12
"3351",11
"3352",12
"3353",9
"3354",9
"3355",6
"3356",8
"3357",12
"3358",7
"3359",17
"3360",21
"3361",9
"3362",13
"3363",5
"3364",9
"3365",13
"3366",11
"3367",16
"3368",12
"3369",10
"3370",10
"3371",15
"3372",15
"3373",12
"3374",6
"3375",13
"3376",18
"3377",6
"3378",11
"3379",9
"3380",10
"3381",14
"3382",11
"3383",10
"3384",12
"3385",15
"3386",5
"3387",11
"3388",13
"3389",14
"3390",6
"3391",14
"3392",7
"3393",9
"3394",12
"3395",10
"3396",8
"3397",15
"3398",14
"3399",4
"3400",12
"3401",14
"3402",12
"3403",10
"3404",14
"3405",14
"3406",11
"3407",17
"3408",10
"3409",6
"3410",11
"3411",9
"3412",5
"3413",15
"3414",18
"3415",9
"3416",9
"3417",6
"3418",10
"3419",7
"3420",18
"3421",14
"3422",11
"3423",11
"3424",15
"3425",14
"3426",11
"3427",10
"3428",6
"3429",13
"3430",6
"3431",11
"3432",9
"3433",11
"3434",11
"3435",12
"3436",14
"3437",7
"3438",17
"3439",16
"3440",8
"3441",8
"3442",14
"3443",13
"3444",12
"3445",14
"3446",10
"3447",6
"3448",13
"3449",10
"3450",17
"3451",7
"3452",10
"3453",15
"3454",10
"3455",7
"3456",8
"3457",15
"3458",8
"3459",11
"3460",12
"3461",12
"3462",12
"3463",4
"3464",10
"3465",7
"3466",11
"3467",14
"3468",13
"3469",8
"3470",14
"3471",16
"3472",7
"3473",8
"3474",9
"3475",13
"3476",9
"3477",14
"3478",9
"3479",17
"3480",10
"3481",15
"3482",13
"3483",15
"3484",8
"3485",6
"3486",4
"3487",14
"3488",12
"3489",10
"3490",9
"3491",6
"3492",8
"3493",16
"3494",8
"3495",16
"3496",10
"3497",13
"3498",16
"3499",9
"3500",7
"3501",13
"3502",10
"3503",7
"3504",13
"3505",7
"3506",7
"3507",13
"3508",6
"3509",10
"3510",19
"3511",13
"3512",8
"3513",16
"3514",11
"3515",16
"3516",10
"3517",7
"3518",10
"3519",16
"3520",16
"3521",16
"3522",5
"3523",7
"3524",9
"3525",13
"3526",11
"3527",6
"3528",7
"3529",15
"3530",9
"3531",14
"3532",8
"3533",10
"3534",7
"3535",10
"3536",11
"3537",13
"3538",15
"3539",10
"3540",10
"3541",9
"3542",7
"3543",4
"3544",12
"3545",7
"3546",14
"3547",11
"3548",7
"3549",11
"3550",15
"3551",14
"3552",8
"3553",11
"3554",10
"3555",10
"3556",12
"3557",8
"3558",14
"3559",14
"3560",7
"3561",11
"3562",12
"3563",9
"3564",11
"3565",17
"3566",13
"3567",14
"3568",7
"3569",12
"3570",8
"3571",10
"3572",8
"3573",10
"3574",6
"3575",16
"3576",6
"3577",11
"3578",11
"3579",6
"3580",10
"3581",12
"3582",18
"3583",5
"3584",12
"3585",10
"3586",13
"3587",14
"3588",18
"3589",14
"3590",14
"3591",12
"3592",12
"3593",8
"3594",13
"3595",11
"3596",10
"3597",7
"3598",5
"3599",10
"3600",11
"3601",11
"3602",14
"3603",6
"3604",8
"3605",19
"3606",8
"3607",11
"3608",5
"3609",16
"3610",8
"3611",6
"3612",12
"3613",14
"3614",9
"3615",8
"3616",6
"3617",12
"3618",22
"3619",10
"3620",12
"3621",8
"3622",13
"3623",14
"3624",10
"3625",11
"3626",11
"3627",3
"3628",11
"3629",14
"3630",11
"3631",10
"3632",10
"3633",12
"3634",14
"3635",10
"3636",12
"3637",18
"3638",22
"3639",16
"3640",12
"3641",8
"3642",11
"3643",15
"3644",8
"3645",8
"3646",12
"3647",9
"3648",16
"3649",7
"3650",10
"3651",14
"3652",18
"3653",10
"3654",23
"3655",12
"3656",6
"3657",12
"3658",16
"3659",11
"3660",15
"3661",14
"3662",14
"3663",13
"3664",10
"3665",10
"3666",12
"3667",11
"3668",13
"3669",8
"3670",8
"3671",14
"3672",12
"3673",12
"3674",11
"3675",11
"3676",4
"3677",10
"3678",17
"3679",16
"3680",8
"3681",7
"3682",18
"3683",13
"3684",9
"3685",16
"3686",7
"3687",9
"3688",11
"3689",12
"3690",12
"3691",12
"3692",10
"3693",18
"3694",9
"3695",12
"3696",11
"3697",4
"3698",12
"3699",6
"3700",19
"3701",12
"3702",12
"3703",14
"3704",9
"3705",9
"3706",9
"3707",8
"3708",11
"3709",11
"3710",15
"3711",11
"3712",13
"3713",14
"3714",13
"3715",13
"3716",7
"3717",7
"3718",18
"3719",12
"3720",9
"3721",7
"3722",9
"3723",7
"3724",15
"3725",9
"3726",10
"3727",6
"3728",12
"3729",12
"3730",13
"3731",8
"3732",9
"3733",11
"3734",11
"3735",12
"3736",10
"3737",6
"3738",15
"3739",3
"3740",16
"3741",12
"3742",19
"3743",5
"3744",13
"3745",6
"3746",14
"3747",14
"3748",8
"3749",8
"3750",13
"3751",11
"3752",14
"3753",16
"3754",7
"3755",8
"3756",15
"3757",12
"3758",11
"3759",11
"3760",7
"3761",9
"3762",6
"3763",11
"3764",8
"3765",12
"3766",17
"3767",14
"3768",7
"3769",19
"3770",7
"3771",12
"3772",5
"3773",13
"3774",12
"3775",16
"3776",10
"3777",15
"3778",12
"3779",11
"3780",9
"3781",11
"3782",13
"3783",14
"3784",13
"3785",13
"3786",10
"3787",9
"3788",16
"3789",13
"3790",11
"3791",10
"3792",14
"3793",10
"3794",19
"3795",5
"3796",13
"3797",6
"3798",14
"3799",14
"3800",3
"3801",5
"3802",11
"3803",10
"3804",16
"3805",15
"3806",8
"3807",20
"3808",14
"3809",8
"3810",9
"3811",10
"3812",16
"3813",8
"3814",12
"3815",16
"3816",15
"3817",11
"3818",10
"3819",17
"3820",8
"3821",8
"3822",16
"3823",5
"3824",9
"3825",6
"3826",19
"3827",14
"3828",8
"3829",10
"3830",8
"3831",13
"3832",15
"3833",11
"3834",13
"3835",12
"3836",12
"3837",9
"3838",11
"3839",13
"3840",13
"3841",6
"3842",12
"3843",14
"3844",6
"3845",7
"3846",8
"3847",10
"3848",14
"3849",7
"3850",6
"3851",8
"3852",16
"3853",8
"3854",13
"3855",10
"3856",6
"3857",11
"3858",9
"3859",8
"3860",14
"3861",6
"3862",19
"3863",10
"3864",18
"3865",11
"3866",8
"3867",11
"3868",9
"3869",10
"3870",13
"3871",8
"3872",7
"3873",9
"3874",8
"3875",18
"3876",8
"3877",8
"3878",16
"3879",15
"3880",13
"3881",18
"3882",16
"3883",6
"3884",16
"3885",7
"3886",11
"3887",11
"3888",8
"3889",8
"3890",13
"3891",14
"3892",20
"3893",10
"3894",16
"3895",11
"3896",8
"3897",6
"3898",19
"3899",16
"3900",6
"3901",5
"3902",16
"3903",8
"3904",16
"3905",12
"3906",7
"3907",16
"3908",13
"3909",12
"3910",12
"3911",5
"3912",9
"3913",13
"3914",11
"3915",9
"3916",7
"3917",11
"3918",11
"3919",10
"3920",13
"3921",15
"3922",6
"3923",6
"3924",7
"3925",8
"3926",8
"3927",7
"3928",10
"3929",5
"3930",13
"3931",7
"3932",8
"3933",6
"3934",13
"3935",8
"3936",11
"3937",14
"3938",10
"3939",14
"3940",15
"3941",12
"3942",11
"3943",18
"3944",17
"3945",9
"3946",12
"3947",14
"3948",16
"3949",13
"3950",10
"3951",14
"3952",6
"3953",11
"3954",6
"3955",16
"3956",11
"3957",10
"3958",17
"3959",6
"3960",18
"3961",17
"3962",10
"3963",13
"3964",9
"3965",11
"3966",10
"3967",7
"3968",11
"3969",4
"3970",14
"3971",15
"3972",14
"3973",10
"3974",8
"3975",10
"3976",10
"3977",8
"3978",7
"3979",9
"3980",6
"3981",17
"3982",13
"3983",13
"3984",16
"3985",12
"3986",17
"3987",10
"3988",7
"3989",10
"3990",8
"3991",13
"3992",11
"3993",11
"3994",12
"3995",6
"3996",14
"3997",11
"3998",10
"3999",11
"4000",13
"4001",31
"4002",21
"4003",22
"4004",23
"4005",23
"4006",23
"4007",29
"4008",21
"4009",18
"4010",26
"4011",18
"4012",18
"4013",26
"4014",23
"4015",25
"4016",17
"4017",31
"4018",22
"4019",27
"4020",23
"4021",31
"4022",22
"4023",23
"4024",24
"4025",17
"4026",15
"4027",18
"4028",19
"4029",26
"4030",23
"4031",18
"4032",27
"4033",23
"4034",29
"4035",24
"4036",23
"4037",22
"4038",19
"4039",14
"4040",24
"4041",29
"4042",28
"4043",18
"4044",25
"4045",17
"4046",25
"4047",22
"4048",20
"4049",21
"4050",18
"4051",23
"4052",24
"4053",21
"4054",27
"4055",14
"4056",24
"4057",24
"4058",24
"4059",18
"4060",13
"4061",26
"4062",14
"4063",24
"4064",18
"4065",17
"4066",19
"4067",24
"4068",27
"4069",23
"4070",14
"4071",27
"4072",21
"4073",28
"4074",29
"4075",13
"4076",15
"4077",25
"4078",15
"4079",17
"4080",33
"4081",22
"4082",17
"4083",31
"4084",23
"4085",20
"4086",24
"4087",28
"4088",23
"4089",22
"4090",24
"4091",21
"4092",24
"4093",24
"4094",19
"4095",17
"4096",24
"4097",24
"4098",22
"4099",16
"4100",23
"4101",27
"4102",27
"4103",25
"4104",18
"4105",29
"4106",18
"4107",16
"4108",25
"4109",14
"4110",19
"4111",29
"4112",30
"4113",24
"4114",28
"4115",30
"4116",16
"4117",24
"4118",25
"4119",23
"4120",16
"4121",16
"4122",16
"4123",23
"4124",25
"4125",20
"4126",26
"4127",33
"4128",21
"4129",15
"4130",23
"4131",19
"4132",20
"4133",21
"4134",27
"4135",19
"4136",30
"4137",31
"4138",21
"4139",15
"4140",16
"4141",26
"4142",22
"4143",29
"4144",25
"4145",21
"4146",21
"4147",24
"4148",19
"4149",23
"4150",21
"4151",20
"4152",15
"4153",23
"4154",26
"4155",16
"4156",24
"4157",28
"4158",20
"4159",25
"4160",23
"4161",17
"4162",17
"4163",24
"4164",24
"4165",18
"4166",20
"4167",15
"4168",19
"4169",27
"4170",24
"4171",20
"4172",21
"4173",24
"4174",26
"4175",22
"4176",14
"4177",20
"4178",31
"4179",25
"4180",21
"4181",25
"4182",23
"4183",18
"4184",25
"4185",29
"4186",21
"4187",28
"4188",19
"4189",22
"4190",28
"4191",23
"4192",23
"4193",29
"4194",18
"4195",19
"4196",27
"4197",16
"4198",15
"4199",27
"4200",22
"4201",25
"4202",30
"4203",22
"4204",22
"4205",20
"4206",29
"4207",16
"4208",19
"4209",23
"4210",27
"4211",25
"4212",28
"4213",15
"4214",26
"4215",25
"4216",30
"4217",24
"4218",21
"4219",21
"4220",22
"4221",28
"4222",24
"4223",21
"4224",25
"4225",19
"4226",19
"4227",26
"4228",25
"4229",22
"4230",18
"4231",35
"4232",22
"4233",32
"4234",18
"4235",20
"4236",29
"4237",14
"4238",14
"4239",21
"4240",21
"4241",12
"4242",22
"4243",17
"4244",18
"4245",23
"4246",15
"4247",19
"4248",34
"4249",20
"4250",15
"4251",20
"4252",22
"4253",30
"4254",20
"4255",12
"4256",27
"4257",20
"4258",20
"4259",15
"4260",20
"4261",19
"4262",17
"4263",20
"4264",27
"4265",19
"4266",25
"4267",16
"4268",19
"4269",24
"4270",18
"4271",26
"4272",29
"4273",25
"4274",23
"4275",21
"4276",21
"4277",23
"4278",16
"4279",27
"4280",26
"4281",28
"4282",27
"4283",25
"4284",17
"4285",15
"4286",23
"4287",24
"4288",19
"4289",18
"4290",29
"4291",23
"4292",24
"4293",24
"4294",17
"4295",23
"4296",22
"4297",20
"4298",23
"4299",24
"4300",14
"4301",30
"4302",25
"4303",30
"4304",28
"4305",20
"4306",18
"4307",21
"4308",23
"4309",17
"4310",24
"4311",25
"4312",25
"4313",25
"4314",21
"4315",29
"4316",23
"4317",22
"4318",18
"4319",13
"4320",22
"4321",24
"4322",20
"4323",28
"4324",20
"4325",23
"4326",30
"4327",22
"4328",26
"4329",21
"4330",23
"4331",22
"4332",15
"4333",26
"4334",29
"4335",16
"4336",20
"4337",22
"4338",13
"4339",14
"4340",28
"4341",25
"4342",11
"4343",35
"4344",15
"4345",21
"4346",22
"4347",21
"4348",25
"4349",25
"4350",18
"4351",21
"4352",24
"4353",17
"4354",22
"4355",21
"4356",16
"4357",22
"4358",20
"4359",23
"4360",23
"4361",26
"4362",22
"4363",26
"4364",20
"4365",23
"4366",28
"4367",15
"4368",21
"4369",21
"4370",18
"4371",13
"4372",19
"4373",20
"4374",25
"4375",22
"4376",23
"4377",25
"4378",22
"4379",17
"4380",30
"4381",26
"4382",18
"4383",27
"4384",24
"4385",23
"4386",20
"4387",18
"4388",23
"4389",26
"4390",32
"4391",25
"4392",19
"4393",23
"4394",25
"4395",22
"4396",26
"4397",26
"4398",30
"4399",14
"4400",23
"4401",22
"4402",15
"4403",17
"4404",25
"4405",20
"4406",20
"4407",20
"4408",23
"4409",21
"4410",17
"4411",20
"4412",19
"4413",28
"4414",19
"4415",24
"4416",25
"4417",24
"4418",28
"4419",27
"4420",19
"4421",21
"4422",31
"4423",26
"4424",20
"4425",17
"4426",16
"4427",21
"4428",26
"4429",15
"4430",25
"4431",25
"4432",31
"4433",20
"4434",27
"4435",31
"4436",22
"4437",24
"4438",20
"4439",27
"4440",24
"4441",21
"4442",17
"4443",23
"4444",17
"4445",18
"4446",18
"4447",20
"4448",31
"4449",27
"4450",22
"4451",18
"4452",17
"4453",26
"4454",31
"4455",28
"4456",19
"4457",24
"4458",22
"4459",26
"4460",22
"4461",19
"4462",12
"4463",18
"4464",27
"4465",27
"4466",24
"4467",15
"4468",24
"4469",22
"4470",21
"4471",20
"4472",33
"4473",17
"4474",24
"4475",26
"4476",21
"4477",20
"4478",31
"4479",17
"4480",23
"4481",23
"4482",14
"4483",17
"4484",14
"4485",24
"4486",20
"4487",21
"4488",16
"4489",18
"4490",18
"4491",23
"4492",22
"4493",22
"4494",21
"4495",15
"4496",16
"4497",22
"4498",14
"4499",24
"4500",18
"4501",28
"4502",16
"4503",26
"4504",31
"4505",18
"4506",23
"4507",23
"4508",18
"4509",19
"4510",14
"4511",21
"4512",21
"4513",17
"4514",15
"4515",18
"4516",17
"4517",22
"4518",27
"4519",23
"4520",31
"4521",22
"4522",17
"4523",23
"4524",20
"4525",17
"4526",16
"4527",23
"4528",22
"4529",22
"4530",20
"4531",21
"4532",24
"4533",19
"4534",24
"4535",22
"4536",24
"4537",18
"4538",16
"4539",19
"4540",16
"4541",21
"4542",26
"4543",28
"4544",18
"4545",17
"4546",17
"4547",20
"4548",20
"4549",29
"4550",31
"4551",19
"4552",18
"4553",32
"4554",20
"4555",16
"4556",20
"4557",18
"4558",16
"4559",24
"4560",24
"4561",28
"4562",27
"4563",15
"4564",27
"4565",19
"4566",27
"4567",25
"4568",22
"4569",22
"4570",18
"4571",17
"4572",22
"4573",23
"4574",18
"4575",26
"4576",20
"4577",21
"4578",26
"4579",19
"4580",29
"4581",16
"4582",24
"4583",29
"4584",13
"4585",14
"4586",31
"4587",24
"4588",22
"4589",25
"4590",16
"4591",29
"4592",22
"4593",25
"4594",22
"4595",21
"4596",20
"4597",22
"4598",23
"4599",30
"4600",36
"4601",22
"4602",28
"4603",26
"4604",31
"4605",29
"4606",23
"4607",20
"4608",24
"4609",22
"4610",24
"4611",29
"4612",21
"4613",24
"4614",25
"4615",25
"4616",31
"4617",25
"4618",29
"4619",19
"4620",28
"4621",20
"4622",22
"4623",15
"4624",20
"4625",22
"4626",20
"4627",25
"4628",26
"4629",17
"4630",18
"4631",22
"4632",21
"4633",27
"4634",28
"4635",26
"4636",20
"4637",17
"4638",16
"4639",22
"4640",28
"4641",26
"4642",26
"4643",14
"4644",23
"4645",17
"4646",24
"4647",26
"4648",20
"4649",22
"4650",13
"4651",21
"4652",18
"4653",24
"4654",19
"4655",27
"4656",12
"4657",22
"4658",33
"4659",21
"4660",21
"4661",22
"4662",28
"4663",21
"4664",16
"4665",18
"4666",22
"4667",31
"4668",23
"4669",29
"4670",32
"4671",25
"4672",29
"4673",18
"4674",21
"4675",26
"4676",26
"4677",19
"4678",17
"4679",22
"4680",23
"4681",19
"4682",24
"4683",18
"4684",17
"4685",29
"4686",21
"4687",20
"4688",21
"4689",19
"4690",16
"4691",24
"4692",24
"4693",25
"4694",28
"4695",29
"4696",21
"4697",28
"4698",28
"4699",20
"4700",22
"4701",26
"4702",20
"4703",26
"4704",23
"4705",14
"4706",21
"4707",23
"4708",22
"4709",15
"4710",18
"4711",27
"4712",26
"4713",28
"4714",11
"4715",27
"4716",26
"4717",21
"4718",24
"4719",25
"4720",29
"4721",20
"4722",20
"4723",17
"4724",19
"4725",30
"4726",33
"4727",19
"4728",22
"4729",20
"4730",22
"4731",19
"4732",23
"4733",22
"4734",22
"4735",20
"4736",29
"4737",21
"4738",27
"4739",22
"4740",19
"4741",27
"4742",18
"4743",23
"4744",16
"4745",15
"4746",21
"4747",23
"4748",15
"4749",30
"4750",26
"4751",17
"4752",25
"4753",14
"4754",21
"4755",19
"4756",24
"4757",26
"4758",27
"4759",20
"4760",19
"4761",23
"4762",22
"4763",28
"4764",14
"4765",16
"4766",25
"4767",17
"4768",21
"4769",24
"4770",22
"4771",25
"4772",24
"4773",30
"4774",18
"4775",20
"4776",25
"4777",19
"4778",29
"4779",20
"4780",27
"4781",19
"4782",27
"4783",29
"4784",33
"4785",21
"4786",30
"4787",25
"4788",26
"4789",23
"4790",24
"4791",28
"4792",18
"4793",22
"4794",16
"4795",19
"4796",26
"4797",26
"4798",31
"4799",24
"4800",21
"4801",20
"4802",19
"4803",24
"4804",19
"4805",24
"4806",21
"4807",13
"4808",13
"4809",20
"4810",27
"4811",18
"4812",22
"4813",26
"4814",18
"4815",22
"4816",26
"4817",15
"4818",24
"4819",20
"4820",34
"4821",19
"4822",20
"4823",19
"4824",26
"4825",21
"4826",18
"4827",28
"4828",24
"4829",25
"4830",29
"4831",29
"4832",17
"4833",16
"4834",18
"4835",25
"4836",35
"4837",18
"4838",21
"4839",30
"4840",26
"4841",19
"4842",21
"4843",19
"4844",17
"4845",22
"4846",25
"4847",24
"4848",18
"4849",18
"4850",17
"4851",18
"4852",19
"4853",21
"4854",19
"4855",26
"4856",18
"4857",21
"4858",19
"4859",26
"4860",32
"4861",15
"4862",18
"4863",20
"4864",19
"4865",13
"4866",26
"4867",17
"4868",23
"4869",20
"4870",14
"4871",27
"4872",15
"4873",23
"4874",23
"4875",20
"4876",15
"4877",26
"4878",25
"4879",25
"4880",19
"4881",27
"4882",20
"4883",29
"4884",16
"4885",26
"4886",28
"4887",14
"4888",23
"4889",23
"4890",28
"4891",26
"4892",17
"4893",27
"4894",19
"4895",24
"4896",25
"4897",19
"4898",26
"4899",20
"4900",22
"4901",26
"4902",17
"4903",25
"4904",29
"4905",16
"4906",23
"4907",27
"4908",23
"4909",21
"4910",20
"4911",25
"4912",15
"4913",27
"4914",13
"4915",18
"4916",30
"4917",15
"4918",15
"4919",21
"4920",18
"4921",20
"4922",12
"4923",17
"4924",15
"4925",22
"4926",24
"4927",28
"4928",26
"4929",23
"4930",23
"4931",27
"4932",25
"4933",20
"4934",23
"4935",27
"4936",19
"4937",20
"4938",19
"4939",18
"4940",20
"4941",23
"4942",17
"4943",23
"4944",27
"4945",30
"4946",23
"4947",18
"4948",22
"4949",17
"4950",15
"4951",19
"4952",29
"4953",18
"4954",23
"4955",20
"4956",16
"4957",19
"4958",21
"4959",31
"4960",17
"4961",32
"4962",27
"4963",21
"4964",14
"4965",21
"4966",27
"4967",20
"4968",17
"4969",25
"4970",24
"4971",16
"4972",22
"4973",19
"4974",19
"4975",21
"4976",16
"4977",17
"4978",30
"4979",27
"4980",27
"4981",35
"4982",20
"4983",27
"4984",26
"4985",21
"4986",24
"4987",22
"4988",23
"4989",15
"4990",17
"4991",22
"4992",19
"4993",19
"4994",19
"4995",22
"4996",28
"4997",23
"4998",21
"4999",22
"5000",21
"5001",24
"5002",21
"5003",28
"5004",23
"5005",20
"5006",19
"5007",14
"5008",24
"5009",27
"5010",25
"5011",17
"5012",20
"5013",14
"5014",19
"5015",24
"5016",18
"5017",23
"5018",23
"5019",21
"5020",25
"5021",28
"5022",19
"5023",19
"5024",26
"5025",20
"5026",28
"5027",15
"5028",20
"5029",23
"5030",24
"5031",14
"5032",25
"5033",17
"5034",21
"5035",31
"5036",25
"5037",17
"5038",29
"5039",26
"5040",28
"5041",30
"5042",19
"5043",20
"5044",22
"5045",20
"5046",15
"5047",28
"5048",18
"5049",18
"5050",19
"5051",24
"5052",19
"5053",23
"5054",21
"5055",13
"5056",18
"5057",19
"5058",23
"5059",15
"5060",21
"5061",24
"5062",22
"5063",26
"5064",21
"5065",28
"5066",23
"5067",24
"5068",20
"5069",18
"5070",13
"5071",25
"5072",33
"5073",15
"5074",18
"5075",17
"5076",19
"5077",21
"5078",22
"5079",21
"5080",21
"5081",22
"5082",15
"5083",21
"5084",18
"5085",28
"5086",15
"5087",27
"5088",21
"5089",16
"5090",21
"5091",24
"5092",15
"5093",17
"5094",18
"5095",25
"5096",26
"5097",19
"5098",27
"5099",20
"5100",25
"5101",33
"5102",15
"5103",25
"5104",22
"5105",22
"5106",17
"5107",30
"5108",20
"5109",21
"5110",23
"5111",26
"5112",16
"5113",22
"5114",20
"5115",15
"5116",25
"5117",32
"5118",17
"5119",18
"5120",29
"5121",24
"5122",25
"5123",26
"5124",23
"5125",23
"5126",22
"5127",23
"5128",15
"5129",20
"5130",16
"5131",14
"5132",19
"5133",15
"5134",20
"5135",13
"5136",27
"5137",25
"5138",18
"5139",21
"5140",15
"5141",30
"5142",16
"5143",17
"5144",31
"5145",27
"5146",26
"5147",24
"5148",22
"5149",20
"5150",24
"5151",21
"5152",28
"5153",15
"5154",25
"5155",18
"5156",12
"5157",29
"5158",19
"5159",15
"5160",20
"5161",20
"5162",22
"5163",15
"5164",20
"5165",19
"5166",23
"5167",28
"5168",23
"5169",21
"5170",33
"5171",21
"5172",14
"5173",21
"5174",28
"5175",28
"5176",26
"5177",28
"5178",30
"5179",32
"5180",20
"5181",25
"5182",14
"5183",22
"5184",18
"5185",17
"5186",11
"5187",26
"5188",21
"5189",23
"5190",28
"5191",18
"5192",33
"5193",19
"5194",20
"5195",20
"5196",18
"5197",31
"5198",21
"5199",20
"5200",25
"5201",27
"5202",13
"5203",34
"5204",22
"5205",20
"5206",17
"5207",28
"5208",27
"5209",19
"5210",18
"5211",23
"5212",25
"5213",19
"5214",16
"5215",21
"5216",18
"5217",18
"5218",38
"5219",23
"5220",23
"5221",24
"5222",17
"5223",14
"5224",25
"5225",17
"5226",29
"5227",14
"5228",25
"5229",32
"5230",24
"5231",19
"5232",19
"5233",24
"5234",17
"5235",33
"5236",17
"5237",15
"5238",27
"5239",22
"5240",19
"5241",16
"5242",21
"5243",26
"5244",28
"5245",23
"5246",20
"5247",20
"5248",14
"5249",17
"5250",25
"5251",23
"5252",18
"5253",18
"5254",26
"5255",10
"5256",20
"5257",34
"5258",21
"5259",24
"5260",22
"5261",26
"5262",24
"5263",17
"5264",19
"5265",20
"5266",30
"5267",12
"5268",21
"5269",20
"5270",25
"5271",17
"5272",22
"5273",24
"5274",17
"5275",21
"5276",28
"5277",14
"5278",22
"5279",23
"5280",14
"5281",24
"5282",23
"5283",21
"5284",33
"5285",31
"5286",29
"5287",32
"5288",20
"5289",21
"5290",26
"5291",25
"5292",20
"5293",26
"5294",24
"5295",19
"5296",14
"5297",24
"5298",15
"5299",19
"5300",16
"5301",24
"5302",14
"5303",21
"5304",24
"5305",21
"5306",26
"5307",27
"5308",22
"5309",26
"5310",21
"5311",26
"5312",26
"5313",17
"5314",19
"5315",22
"5316",25
"5317",16
"5318",15
"5319",19
"5320",17
"5321",20
"5322",27
"5323",12
"5324",13
"5325",11
"5326",24
"5327",27
"5328",25
"5329",29
"5330",21
"5331",17
"5332",31
"5333",20
"5334",24
"5335",23
"5336",25
"5337",20
"5338",23
"5339",23
"5340",18
"5341",20
"5342",24
"5343",23
"5344",16
"5345",18
"5346",24
"5347",16
"5348",23
"5349",19
"5350",20
"5351",14
"5352",22
"5353",22
"5354",23
"5355",27
"5356",20
"5357",17
"5358",27
"5359",22
"5360",25
"5361",33
"5362",27
"5363",31
"5364",18
"5365",20
"5366",21
"5367",26
"5368",22
"5369",35
"5370",27
"5371",12
"5372",19
"5373",25
"5374",15
"5375",21
"5376",19
"5377",29
"5378",21
"5379",24
"5380",19
"5381",10
"5382",20
"5383",17
"5384",22
"5385",15
"5386",22
"5387",29
"5388",29
"5389",31
"5390",31
"5391",23
"5392",19
"5393",18
"5394",26
"5395",21
"5396",20
"5397",25
"5398",19
"5399",25
"5400",28
"5401",18
"5402",28
"5403",20
"5404",17
"5405",22
"5406",13
"5407",19
"5408",26
"5409",27
"5410",22
"5411",18
"5412",26
"5413",15
"5414",26
"5415",28
"5416",21
"5417",16
"5418",18
"5419",25
"5420",22
"5421",16
"5422",11
"5423",25
"5424",30
"5425",23
"5426",21
"5427",23
"5428",19
"5429",21
"5430",20
"5431",13
"5432",20
"5433",19
"5434",25
"5435",20
"5436",15
"5437",25
"5438",21
"5439",16
"5440",30
"5441",16
"5442",18
"5443",15
"5444",27
"5445",19
"5446",12
"5447",19
"5448",22
"5449",27
"5450",21
"5451",21
"5452",30
"5453",25
"5454",25
"5455",12
"5456",25
"5457",27
"5458",14
"5459",27
"5460",21
"5461",20
"5462",25
"5463",14
"5464",27
"5465",26
"5466",17
"5467",15
"5468",19
"5469",22
"5470",16
"5471",22
"5472",23
"5473",30
"5474",23
"5475",19
"5476",16
"5477",20
"5478",23
"5479",20
"5480",26
"5481",26
"5482",17
"5483",17
"5484",20
"5485",22
"5486",11
"5487",17
"5488",22
"5489",24
"5490",25
"5491",17
"5492",20
"5493",16
"5494",21
"5495",15
"5496",21
"5497",25
"5498",27
"5499",23
"5500",22
"5501",23
"5502",16
"5503",28
"5504",17
"5505",17
"5506",15
"5507",24
"5508",18
"5509",23
"5510",26
"5511",13
"5512",18
"5513",21
"5514",22
"5515",20
"5516",14
"5517",13
"5518",10
"5519",17
"5520",26
"5521",22
"5522",18
"5523",24
"5524",20
"5525",23
"5526",17
"5527",16
"5528",24
"5529",22
"5530",21
"5531",15
"5532",30
"5533",23
"5534",25
"5535",27
"5536",27
"5537",19
"5538",29
"5539",16
"5540",22
"5541",27
"5542",28
"5543",25
"5544",29
"5545",25
"5546",25
"5547",24
"5548",23
"5549",19
"5550",22
"5551",32
"5552",33
"5553",29
"5554",23
"5555",21
"5556",32
"5557",26
"5558",18
"5559",24
"5560",22
"5561",25
"5562",20
"5563",26
"5564",17
"5565",26
"5566",31
"5567",19
"5568",27
"5569",22
"5570",34
"5571",17
"5572",18
"5573",27
"5574",24
"5575",18
"5576",18
"5577",26
"5578",30
"5579",18
"5580",15
"5581",22
"5582",19
"5583",17
"5584",27
"5585",23
"5586",20
"5587",21
"5588",18
"5589",16
"5590",24
"5591",17
"5592",25
"5593",18
"5594",25
"5595",27
"5596",23
"5597",27
"5598",30
"5599",20
"5600",30
"5601",29
"5602",29
"5603",26
"5604",19
"5605",26
"5606",21
"5607",21
"5608",24
"5609",23
"5610",17
"5611",23
"5612",20
"5613",23
"5614",14
"5615",25
"5616",25
"5617",13
"5618",17
"5619",30
"5620",24
"5621",20
"5622",27
"5623",18
"5624",23
"5625",30
"5626",19
"5627",16
"5628",19
"5629",16
"5630",22
"5631",21
"5632",26
"5633",22
"5634",19
"5635",24
"5636",23
"5637",25
"5638",25
"5639",20
"5640",18
"5641",25
"5642",24
"5643",21
"5644",28
"5645",18
"5646",33
"5647",21
"5648",17
"5649",18
"5650",26
"5651",15
"5652",20
"5653",21
"5654",23
"5655",19
"5656",27
"5657",27
"5658",24
"5659",25
"5660",26
"5661",11
"5662",27
"5663",22
"5664",21
"5665",20
"5666",17
"5667",22
"5668",19
"5669",23
"5670",29
"5671",21
"5672",23
"5673",20
"5674",27
"5675",23
"5676",22
"5677",21
"5678",19
"5679",30
"5680",23
"5681",23
"5682",19
"5683",32
"5684",18
"5685",21
"5686",17
"5687",26
"5688",14
"5689",22
"5690",20
"5691",29
"5692",33
"5693",15
"5694",14
"5695",21
"5696",26
"5697",24
"5698",23
"5699",14
"5700",20
"5701",21
"5702",16
"5703",23
"5704",26
"5705",38
"5706",17
"5707",18
"5708",16
"5709",23
"5710",21
"5711",21
"5712",22
"5713",21
"5714",20
"5715",25
"5716",27
"5717",23
"5718",22
"5719",20
"5720",20
"5721",19
"5722",22
"5723",21
"5724",22
"5725",22
"5726",25
"5727",30
"5728",25
"5729",28
"5730",32
"5731",17
"5732",27
"5733",27
"5734",23
"5735",21
"5736",19
"5737",27
"5738",20
"5739",20
"5740",22
"5741",18
"5742",28
"5743",26
"5744",26
"5745",23
"5746",27
"5747",14
"5748",16
"5749",27
"5750",28
"5751",19
"5752",23
"5753",22
"5754",22
"5755",22
"5756",9
"5757",21
"5758",27
"5759",12
"5760",22
"5761",18
"5762",13
"5763",20
"5764",28
"5765",23
"5766",25
"5767",24
"5768",20
"5769",20
"5770",20
"5771",27
"5772",22
"5773",18
"5774",16
"5775",22
"5776",22
"5777",23
"5778",13
"5779",22
"5780",21
"5781",25
"5782",19
"5783",22
"5784",20
"5785",29
"5786",23
"5787",25
"5788",23
"5789",21
"5790",27
"5791",20
"5792",20
"5793",21
"5794",28
"5795",18
"5796",24
"5797",23
"5798",24
"5799",26
"5800",23
"5801",29
"5802",21
"5803",21
"5804",21
"5805",21
"5806",29
"5807",16
"5808",22
"5809",17
"5810",22
"5811",23
"5812",21
"5813",16
"5814",25
"5815",27
"5816",21
"5817",30
"5818",21
"5819",23
"5820",15
"5821",16
"5822",28
"5823",19
"5824",17
"5825",19
"5826",14
"5827",14
"5828",22
"5829",22
"5830",13
"5831",15
"5832",19
"5833",16
"5834",13
"5835",25
"5836",28
"5837",15
"5838",28
"5839",16
"5840",28
"5841",27
"5842",20
"5843",24
"5844",26
"5845",15
"5846",20
"5847",24
"5848",14
"5849",20
"5850",22
"5851",30
"5852",29
"5853",16
"5854",15
"5855",26
"5856",26
"5857",18
"5858",19
"5859",22
"5860",21
"5861",25
"5862",26
"5863",24
"5864",18
"5865",21
"5866",18
"5867",14
"5868",18
"5869",20
"5870",23
"5871",24
"5872",20
"5873",25
"5874",22
"5875",22
"5876",25
"5877",16
"5878",21
"5879",28
"5880",19
"5881",14
"5882",21
"5883",19
"5884",21
"5885",27
"5886",30
"5887",32
"5888",22
"5889",23
"5890",22
"5891",37
"5892",21
"5893",34
"5894",21
"5895",19
"5896",24
"5897",14
"5898",22
"5899",22
"5900",24
"5901",25
"5902",15
"5903",19
"5904",21
"5905",25
"5906",21
"5907",22
"5908",20
"5909",21
"5910",19
"5911",22
"5912",19
"5913",28
"5914",20
"5915",24
"5916",16
"5917",21
"5918",26
"5919",18
"5920",19
"5921",27
"5922",20
"5923",20
"5924",26
"5925",19
"5926",36
"5927",13
"5928",29
"5929",24
"5930",22
"5931",28
"5932",21
"5933",22
"5934",22
"5935",25
"5936",23
"5937",15
"5938",22
"5939",18
"5940",24
"5941",41
"5942",23
"5943",28
"5944",29
"5945",13
"5946",20
"5947",30
"5948",30
"5949",22
"5950",32
"5951",20
"5952",26
"5953",16
"5954",17
"5955",14
"5956",19
"5957",18
"5958",21
"5959",31
"5960",26
"5961",22
"5962",24
"5963",22
"5964",24
"5965",28
"5966",20
"5967",31
"5968",28
"5969",19
"5970",18
"5971",23
"5972",25
"5973",20
"5974",38
"5975",11
"5976",18
"5977",21
"5978",24
"5979",15
"5980",17
"5981",22
"5982",23
"5983",31
"5984",18
"5985",25
"5986",30
"5987",20
"5988",24
"5989",28
"5990",27
"5991",28
"5992",21
"5993",22
"5994",21
"5995",20
"5996",17
"5997",18
"5998",26
"5999",27
"6000",18
"6001",23
"6002",13
"6003",30
"6004",24
"6005",29
"6006",24
"6007",26
"6008",19
"6009",23
"6010",18
"6011",19
"6012",17
"6013",23
"6014",18
"6015",22
"6016",24
"6017",22
"6018",19
"6019",20
"6020",20
"6021",23
"6022",23
"6023",16
"6024",20
"6025",32
"6026",15
"6027",22
"6028",20
"6029",14
"6030",22
"6031",22
"6032",22
"6033",20
"6034",22
"6035",27
"6036",25
"6037",20
"6038",18
"6039",25
"6040",19
"6041",19
"6042",17
"6043",18
"6044",20
"6045",13
"6046",22
"6047",21
"6048",29
"6049",18
"6050",32
"6051",20
"6052",22
"6053",23
"6054",14
"6055",23
"6056",17
"6057",22
"6058",25
"6059",23
"6060",20
"6061",16
"6062",19
"6063",18
"6064",23
"6065",18
"6066",19
"6067",32
"6068",21
"6069",21
"6070",28
"6071",28
"6072",25
"6073",29
"6074",16
"6075",17
"6076",18
"6077",19
"6078",19
"6079",21
"6080",26
"6081",23
"6082",27
"6083",24
"6084",28
"6085",22
"6086",18
"6087",17
"6088",17
"6089",15
"6090",22
"6091",17
"6092",14
"6093",25
"6094",24
"6095",24
"6096",17
"6097",16
"6098",21
"6099",17
"6100",14
"6101",14
"6102",20
"6103",16
"6104",21
"6105",24
"6106",19
"6107",18
"6108",19
"6109",16
"6110",19
"6111",26
"6112",23
"6113",20
"6114",23
"6115",24
"6116",22
"6117",17
"6118",18
"6119",16
"6120",19
"6121",26
"6122",31
"6123",26
"6124",19
"6125",18
"6126",19
"6127",22
"6128",22
"6129",27
"6130",17
"6131",25
"6132",19
"6133",25
"6134",20
"6135",16
"6136",15
"6137",21
"6138",30
"6139",22
"6140",32
"6141",18
"6142",26
"6143",26
"6144",20
"6145",21
"6146",17
"6147",23
"6148",16
"6149",24
"6150",22
"6151",22
"6152",31
"6153",20
"6154",24
"6155",18
"6156",27
"6157",23
"6158",25
"6159",22
"6160",15
"6161",25
"6162",22
"6163",20
"6164",21
"6165",15
"6166",20
"6167",24
"6168",24
"6169",20
"6170",26
"6171",23
"6172",21
"6173",24
"6174",18
"6175",13
"6176",30
"6177",23
"6178",23
"6179",20
"6180",17
"6181",16
"6182",19
"6183",23
"6184",18
"6185",16
"6186",20
"6187",21
"6188",21
"6189",29
"6190",21
"6191",20
"6192",15
"6193",22
"6194",22
"6195",18
"6196",24
"6197",15
"6198",15
"6199",23
"6200",12
"6201",27
"6202",38
"6203",24
"6204",19
"6205",35
"6206",28
"6207",19
"6208",24
"6209",21
"6210",20
"6211",22
"6212",22
"6213",20
"6214",20
"6215",23
"6216",19
"6217",23
"6218",20
"6219",19
"6220",21
"6221",15
"6222",23
"6223",23
"6224",18
"6225",21
"6226",30
"6227",22
"6228",26
"6229",18
"6230",15
"6231",27
"6232",18
"6233",18
"6234",22
"6235",23
"6236",21
"6237",23
"6238",13
"6239",37
"6240",20
"6241",26
"6242",24
"6243",18
"6244",27
"6245",24
"6246",21
"6247",19
"6248",18
"6249",20
"6250",24
"6251",13
"6252",23
"6253",22
"6254",22
"6255",14
"6256",20
"6257",20
"6258",23
"6259",14
"6260",28
"6261",26
"6262",14
"6263",27
"6264",13
"6265",22
"6266",20
"6267",33
"6268",23
"6269",12
"6270",24
"6271",24
"6272",14
"6273",18
"6274",26
"6275",24
"6276",28
"6277",21
"6278",19
"6279",23
"6280",19
"6281",21
"6282",21
"6283",18
"6284",13
"6285",20
"6286",21
"6287",23
"6288",27
"6289",21
"6290",19
"6291",24
"6292",19
"6293",23
"6294",17
"6295",17
"6296",21
"6297",23
"6298",14
"6299",20
"6300",29
"6301",17
"6302",19
"6303",31
"6304",22
"6305",20
"6306",14
"6307",18
"6308",22
"6309",22
"6310",20
"6311",21
"6312",21
"6313",27
"6314",20
"6315",13
"6316",24
"6317",22
"6318",17
"6319",21
"6320",24
"6321",14
"6322",19
"6323",16
"6324",28
"6325",20
"6326",29
"6327",16
"6328",27
"6329",24
"6330",11
"6331",23
"6332",25
"6333",19
"6334",20
"6335",19
"6336",28
"6337",21
"6338",30
"6339",25
"6340",24
"6341",17
"6342",26
"6343",32
"6344",22
"6345",18
"6346",27
"6347",28
"6348",18
"6349",16
"6350",17
"6351",26
"6352",17
"6353",21
"6354",21
"6355",25
"6356",20
"6357",23
"6358",19
"6359",21
"6360",24
"6361",21
"6362",23
"6363",23
"6364",29
"6365",18
"6366",20
"6367",18
"6368",19
"6369",18
"6370",23
"6371",24
"6372",26
"6373",14
"6374",26
"6375",25
"6376",23
"6377",17
"6378",27
"6379",19
"6380",14
"6381",20
"6382",23
"6383",22
"6384",24
"6385",19
"6386",21
"6387",21
"6388",21
"6389",19
"6390",16
"6391",15
"6392",20
"6393",24
"6394",18
"6395",28
"6396",21
"6397",19
"6398",19
"6399",20
"6400",30
"6401",18
"6402",24
"6403",16
"6404",21
"6405",22
"6406",21
"6407",20
"6408",25
"6409",20
"6410",22
"6411",11
"6412",18
"6413",17
"6414",21
"6415",25
"6416",28
"6417",27
"6418",24
"6419",29
"6420",20
"6421",13
"6422",23
"6423",19
"6424",24
"6425",18
"6426",20
"6427",24
"6428",18
"6429",18
"6430",26
"6431",24
"6432",28
"6433",16
"6434",28
"6435",24
"6436",22
"6437",17
"6438",15
"6439",21
"6440",25
"6441",20
"6442",23
"6443",26
"6444",23
"6445",22
"6446",23
"6447",17
"6448",26
"6449",20
"6450",21
"6451",23
"6452",14
"6453",22
"6454",21
"6455",17
"6456",15
"6457",25
"6458",20
"6459",24
"6460",19
"6461",31
"6462",21
"6463",17
"6464",19
"6465",22
"6466",24
"6467",24
"6468",26
"6469",21
"6470",19
"6471",23
"6472",21
"6473",27
"6474",20
"6475",18
"6476",22
"6477",20
"6478",19
"6479",27
"6480",21
"6481",23
"6482",16
"6483",17
"6484",28
"6485",12
"6486",22
"6487",18
"6488",15
"6489",24
"6490",18
"6491",12
"6492",25
"6493",18
"6494",29
"6495",22
"6496",16
"6497",19
"6498",21
"6499",27
"6500",18
"6501",19
"6502",20
"6503",23
"6504",9
"6505",25
"6506",21
"6507",21
"6508",16
"6509",20
"6510",19
"6511",25
"6512",33
"6513",21
"6514",18
"6515",22
"6516",26
"6517",21
"6518",22
"6519",23
"6520",19
"6521",25
"6522",23
"6523",20
"6524",26
"6525",18
"6526",28
"6527",22
"6528",29
"6529",21
"6530",19
"6531",27
"6532",25
"6533",21
"6534",17
"6535",27
"6536",21
"6537",20
"6538",25
"6539",25
"6540",23
"6541",16
"6542",23
"6543",24
"6544",15
"6545",26
"6546",21
"6547",17
"6548",29
"6549",25
"6550",18
"6551",25
"6552",25
"6553",25
"6554",23
"6555",19
"6556",28
"6557",20
"6558",22
"6559",24
"6560",25
"6561",19
"6562",17
"6563",26
"6564",18
"6565",27
"6566",25
"6567",14
"6568",36
"6569",22
"6570",26
"6571",25
"6572",24
"6573",28
"6574",23
"6575",22
"6576",21
"6577",23
"6578",21
"6579",13
"6580",20
"6581",22
"6582",20
"6583",22
"6584",22
"6585",27
"6586",20
"6587",15
"6588",23
"6589",18
"6590",19
"6591",28
"6592",22
"6593",17
"6594",21
"6595",19
"6596",22
"6597",23
"6598",28
"6599",28
"6600",33
"6601",19
"6602",22
"6603",19
"6604",21
"6605",24
"6606",25
"6607",20
"6608",21
"6609",29
"6610",21
"6611",19
"6612",19
"6613",23
"6614",29
"6615",21
"6616",27
"6617",14
"6618",20
"6619",16
"6620",20
"6621",22
"6622",16
"6623",23
"6624",20
"6625",29
"6626",24
"6627",18
"6628",17
"6629",24
"6630",17
"6631",19
"6632",28
"6633",22
"6634",20
"6635",29
"6636",19
"6637",19
"6638",27
"6639",16
"6640",24
"6641",19
"6642",19
"6643",22
"6644",22
"6645",22
"6646",23
"6647",24
"6648",27
"6649",22
"6650",25
"6651",20
"6652",21
"6653",20
"6654",23
"6655",19
"6656",17
"6657",18
"6658",14
"6659",23
"6660",20
"6661",20
"6662",30
"6663",20
"6664",21
"6665",19
"6666",17
"6667",17
"6668",25
"6669",20
"6670",17
"6671",17
"6672",16
"6673",26
"6674",25
"6675",24
"6676",16
"6677",20
"6678",23
"6679",21
"6680",24
"6681",17
"6682",20
"6683",22
"6684",15
"6685",25
"6686",21
"6687",21
"6688",24
"6689",17
"6690",22
"6691",23
"6692",27
"6693",24
"6694",22
"6695",16
"6696",23
"6697",26
"6698",13
"6699",31
"6700",21
"6701",22
"6702",26
"6703",15
"6704",16
"6705",20
"6706",21
"6707",21
"6708",23
"6709",26
"6710",23
"6711",28
"6712",28
"6713",25
"6714",16
"6715",23
"6716",28
"6717",22
"6718",18
"6719",20
"6720",22
"6721",16
"6722",25
"6723",29
"6724",27
"6725",22
"6726",24
"6727",25
"6728",19
"6729",19
"6730",27
"6731",23
"6732",19
"6733",24
"6734",25
"6735",20
"6736",22
"6737",21
"6738",20
"6739",19
"6740",26
"6741",27
"6742",27
"6743",22
"6744",27
"6745",21
"6746",21
"6747",20
"6748",17
"6749",22
"6750",21
"6751",19
"6752",28
"6753",16
"6754",29
"6755",18
"6756",19
"6757",19
"6758",24
"6759",15
"6760",25
"6761",33
"6762",24
"6763",33
"6764",25
"6765",32
"6766",17
"6767",18
"6768",25
"6769",12
"6770",25
"6771",26
"6772",27
"6773",27
"6774",17
"6775",22
"6776",21
"6777",20
"6778",19
"6779",23
"6780",29
"6781",22
"6782",22
"6783",24
"6784",26
"6785",24
"6786",26
"6787",16
"6788",24
"6789",18
"6790",19
"6791",19
"6792",29
"6793",22
"6794",29
"6795",32
"6796",23
"6797",29
"6798",21
"6799",31
"6800",26
"6801",22
"6802",19
"6803",23
"6804",23
"6805",21
"6806",19
"6807",18
"6808",22
"6809",17
"6810",27
"6811",14
"6812",27
"6813",11
"6814",18
"6815",24
"6816",29
"6817",18
"6818",22
"6819",29
"6820",19
"6821",15
"6822",19
"6823",24
"6824",33
"6825",21
"6826",35
"6827",30
"6828",21
"6829",12
"6830",20
"6831",20
"6832",25
"6833",26
"6834",24
"6835",21
"6836",20
"6837",25
"6838",25
"6839",16
"6840",23
"6841",22
"6842",21
"6843",22
"6844",16
"6845",18
"6846",23
"6847",15
"6848",19
"6849",26
"6850",30
"6851",24
"6852",23
"6853",26
"6854",23
"6855",20
"6856",30
"6857",27
"6858",20
"6859",20
"6860",22
"6861",20
"6862",29
"6863",28
"6864",17
"6865",35
"6866",25
"6867",26
"6868",25
"6869",17
"6870",21
"6871",27
"6872",14
"6873",25
"6874",30
"6875",23
"6876",24
"6877",22
"6878",20
"6879",34
"6880",22
"6881",20
"6882",27
"6883",17
"6884",33
"6885",22
"6886",26
"6887",24
"6888",23
"6889",24
"6890",24
"6891",20
"6892",19
"6893",19
"6894",26
"6895",24
"6896",31
"6897",21
"6898",24
"6899",29
"6900",25
"6901",19
"6902",20
"6903",16
"6904",26
"6905",24
"6906",24
"6907",19
"6908",23
"6909",18
"6910",21
"6911",16
"6912",22
"6913",23
"6914",15
"6915",17
"6916",31
"6917",13
"6918",27
"6919",40
"6920",26
"6921",19
"6922",28
"6923",14
"6924",19
"6925",27
"6926",27
"6927",20
"6928",19
"6929",23
"6930",33
"6931",28
"6932",20
"6933",25
"6934",20
"6935",16
"6936",26
"6937",14
"6938",22
"6939",19
"6940",24
"6941",13
"6942",26
"6943",25
"6944",24
"6945",22
"6946",23
"6947",18
"6948",25
"6949",20
"6950",25
"6951",14
"6952",14
"6953",24
"6954",23
"6955",19
"6956",18
"6957",27
"6958",24
"6959",21
"6960",22
"6961",15
"6962",20
"6963",29
"6964",22
"6965",21
"6966",16
"6967",26
"6968",16
"6969",25
"6970",23
"6971",15
"6972",21
"6973",20
"6974",27
"6975",17
"6976",27
"6977",26
"6978",26
"6979",24
"6980",24
"6981",24
"6982",22
"6983",27
"6984",20
"6985",22
"6986",21
"6987",23
"6988",26
"6989",26
"6990",18
"6991",22
"6992",30
"6993",26
"6994",24
"6995",16
"6996",20
"6997",26
"6998",24
"6999",14
"7000",16
"7001",22
"7002",19
"7003",22
"7004",19
"7005",19
"7006",13
"7007",17
"7008",23
"7009",24
"7010",19
"7011",20
"7012",20
"7013",21
"7014",23
"7015",17
"7016",20
"7017",20
"7018",30
"7019",23
"7020",29
"7021",26
"7022",29
"7023",28
"7024",23
"7025",17
"7026",24
"7027",28
"7028",32
"7029",19
"7030",21
"7031",22
"7032",20
"7033",20
"7034",18
"7035",25
"7036",28
"7037",22
"7038",25
"7039",25
"7040",19
"7041",21
"7042",27
"7043",16
"7044",20
"7045",25
"7046",31
"7047",24
"7048",19
"7049",23
"7050",24
"7051",26
"7052",27
"7053",21
"7054",22
"7055",22
"7056",16
"7057",26
"7058",13
"7059",20
"7060",25
"7061",19
"7062",23
"7063",34
"7064",22
"7065",28
"7066",18
"7067",32
"7068",27
"7069",17
"7070",24
"7071",24
"7072",19
"7073",23
"7074",23
"7075",28
"7076",23
"7077",25
"7078",24
"7079",22
"7080",22
"7081",26
"7082",24
"7083",22
"7084",25
"7085",27
"7086",26
"7087",24
"7088",21
"7089",21
"7090",28
"7091",28
"7092",30
"7093",19
"7094",19
"7095",21
"7096",22
"7097",16
"7098",19
"7099",25
"7100",22
"7101",18
"7102",24
"7103",24
"7104",19
"7105",19
"7106",31
"7107",13
"7108",17
"7109",20
"7110",20
"7111",27
"7112",23
"7113",19
"7114",22
"7115",27
"7116",28
"7117",19
"7118",26
"7119",23
"7120",19
"7121",16
"7122",21
"7123",15
"7124",27
"7125",20
"7126",17
"7127",25
"7128",34
"7129",22
"7130",14
"7131",25
"7132",20
"7133",20
"7134",26
"7135",22
"7136",20
"7137",28
"7138",24
"7139",16
"7140",19
"7141",25
"7142",19
"7143",25
"7144",22
"7145",26
"7146",28
"7147",32
"7148",17
"7149",20
"7150",22
"7151",20
"7152",29
"7153",25
"7154",23
"7155",25
"7156",19
"7157",25
"7158",21
"7159",17
"7160",18
"7161",22
"7162",24
"7163",22
"7164",15
"7165",17
"7166",23
"7167",27
"7168",24
"7169",25
"7170",19
"7171",21
"7172",21
"7173",19
"7174",12
"7175",18
"7176",24
"7177",21
"7178",17
"7179",24
"7180",16
"7181",28
"7182",18
"7183",36
"7184",23
"7185",18
"7186",27
"7187",15
"7188",28
"7189",28
"7190",21
"7191",25
"7192",16
"7193",31
"7194",22
"7195",25
"7196",18
"7197",26
"7198",15
"7199",26
"7200",13
"7201",18
"7202",16
"7203",15
"7204",32
"7205",25
"7206",24
"7207",17
"7208",16
"7209",25
"7210",24
"7211",32
"7212",18
"7213",25
"7214",23
"7215",20
"7216",23
"7217",19
"7218",27
"7219",22
"7220",27
"7221",30
"7222",19
"7223",21
"7224",23
"7225",29
"7226",25
"7227",29
"7228",32
"7229",28
"7230",20
"7231",28
"7232",23
"7233",20
"7234",18
"7235",28
"7236",20
"7237",18
"7238",25
"7239",27
"7240",18
"7241",20
"7242",23
"7243",27
"7244",33
"7245",25
"7246",22
"7247",22
"7248",22
"7249",20
"7250",41
"7251",21
"7252",18
"7253",18
"7254",16
"7255",21
"7256",28
"7257",21
"7258",13
"7259",21
"7260",22
"7261",26
"7262",25
"7263",24
"7264",30
"7265",22
"7266",25
"7267",21
"7268",19
"7269",16
"7270",27
"7271",16
"7272",20
"7273",19
"7274",24
"7275",16
"7276",21
"7277",27
"7278",22
"7279",27
"7280",30
"7281",23
"7282",22
"7283",13
"7284",24
"7285",20
"7286",28
"7287",14
"7288",19
"7289",21
"7290",19
"7291",16
"7292",24
"7293",23
"7294",18
"7295",15
"7296",21
"7297",24
"7298",24
"7299",23
"7300",15
"7301",24
"7302",29
"7303",22
"7304",31
"7305",22
"7306",12
"7307",24
"7308",18
"7309",21
"7310",22
"7311",20
"7312",30
"7313",16
"7314",22
"7315",31
"7316",22
"7317",18
"7318",15
"7319",12
"7320",19
"7321",27
"7322",16
"7323",21
"7324",29
"7325",20
"7326",23
"7327",19
"7328",29
"7329",22
"7330",24
"7331",22
"7332",16
"7333",23
"7334",23
"7335",14
"7336",30
"7337",22
"7338",24
"7339",20
"7340",18
"7341",22
"7342",22
"7343",24
"7344",21
"7345",22
"7346",29
"7347",19
"7348",27
"7349",19
"7350",23
"7351",20
"7352",17
"7353",13
"7354",18
"7355",25
"7356",18
"7357",20
"7358",25
"7359",24
"7360",25
"7361",23
"7362",17
"7363",25
"7364",21
"7365",19
"7366",22
"7367",24
"7368",24
"7369",18
"7370",21
"7371",25
"7372",16
"7373",22
"7374",14
"7375",28
"7376",30
"7377",23
"7378",18
"7379",23
"7380",18
"7381",21
"7382",24
"7383",32
"7384",19
"7385",20
"7386",20
"7387",25
"7388",18
"7389",20
"7390",18
"7391",24
"7392",19
"7393",23
"7394",21
"7395",13
"7396",33
"7397",18
"7398",24
"7399",15
"7400",18
"7401",31
"7402",28
"7403",9
"7404",18
"7405",16
"7406",23
"7407",27
"7408",26
"7409",21
"7410",23
"7411",31
"7412",20
"7413",26
"7414",16
"7415",25
"7416",23
"7417",20
"7418",20
"7419",14
"7420",24
"7421",25
"7422",33
"7423",16
"7424",26
"7425",21
"7426",18
"7427",23
"7428",26
"7429",22
"7430",18
"7431",23
"7432",18
"7433",11
"7434",17
"7435",18
"7436",24
"7437",16
"7438",26
"7439",15
"7440",24
"7441",23
"7442",29
"7443",22
"7444",17
"7445",20
"7446",24
"7447",21
"7448",22
"7449",13
"7450",18
"7451",28
"7452",17
"7453",14
"7454",24
"7455",25
"7456",28
"7457",13
"7458",13
"7459",16
"7460",23
"7461",24
"7462",15
"7463",24
"7464",21
"7465",27
"7466",17
"7467",23
"7468",25
"7469",28
"7470",23
"7471",24
"7472",20
"7473",21
"7474",20
"7475",15
"7476",24
"7477",16
"7478",23
"7479",22
"7480",21
"7481",21
"7482",27
"7483",18
"7484",20
"7485",17
"7486",20
"7487",17
"7488",19
"7489",20
"7490",25
"7491",16
"7492",24
"7493",15
"7494",14
"7495",19
"7496",16
"7497",22
"7498",25
"7499",27
"7500",21
"7501",20
"7502",19
"7503",20
"7504",16
"7505",16
"7506",15
"7507",26
"7508",18
"7509",15
"7510",16
"7511",17
"7512",23
"7513",26
"7514",19
"7515",20
"7516",30
"7517",23
"7518",20
"7519",22
"7520",25
"7521",18
"7522",24
"7523",25
"7524",24
"7525",22
"7526",24
"7527",22
"7528",25
"7529",26
"7530",24
"7531",24
"7532",23
"7533",23
"7534",21
"7535",22
"7536",24
"7537",18
"7538",14
"7539",26
"7540",21
"7541",22
"7542",16
"7543",20
"7544",22
"7545",26
"7546",22
"7547",25
"7548",24
"7549",26
"7550",13
"7551",17
"7552",26
"7553",19
"7554",26
"7555",25
"7556",23
"7557",18
"7558",24
"7559",26
"7560",16
"7561",33
"7562",21
"7563",18
"7564",17
"7565",22
"7566",31
"7567",25
"7568",26
"7569",26
"7570",20
"7571",21
"7572",14
"7573",33
"7574",27
"7575",17
"7576",21
"7577",20
"7578",16
"7579",27
"7580",16
"7581",25
"7582",18
"7583",22
"7584",28
"7585",25
"7586",24
"7587",26
"7588",20
"7589",15
"7590",17
"7591",22
"7592",21
"7593",24
"7594",17
"7595",15
"7596",13
"7597",25
"7598",25
"7599",25
"7600",22
"7601",21
"7602",17
"7603",24
"7604",29
"7605",28
"7606",21
"7607",23
"7608",20
"7609",14
"7610",13
"7611",20
"7612",17
"7613",26
"7614",31
"7615",22
"7616",14
"7617",20
"7618",21
"7619",26
"7620",13
"7621",18
"7622",24
"7623",19
"7624",20
"7625",25
"7626",20
"7627",25
"7628",24
"7629",20
"7630",16
"7631",24
"7632",27
"7633",16
"7634",19
"7635",24
"7636",26
"7637",23
"7638",16
"7639",21
"7640",20
"7641",24
"7642",29
"7643",16
"7644",35
"7645",22
"7646",16
"7647",16
"7648",20
"7649",20
"7650",29
"7651",24
"7652",16
"7653",20
"7654",19
"7655",23
"7656",25
"7657",20
"7658",12
"7659",18
"7660",20
"7661",20
"7662",17
"7663",26
"7664",20
"7665",26
"7666",14
"7667",22
"7668",19
"7669",26
"7670",23
"7671",33
"7672",20
"7673",25
"7674",12
"7675",25
"7676",19
"7677",27
"7678",19
"7679",16
"7680",22
"7681",22
"7682",19
"7683",28
"7684",28
"7685",27
"7686",25
"7687",25
"7688",19
"7689",15
"7690",16
"7691",15
"7692",25
"7693",22
"7694",30
"7695",21
"7696",17
"7697",22
"7698",27
"7699",23
"7700",23
"7701",21
"7702",24
"7703",25
"7704",23
"7705",19
"7706",28
"7707",17
"7708",21
"7709",18
"7710",15
"7711",20
"7712",26
"7713",31
"7714",20
"7715",17
"7716",21
"7717",26
"7718",16
"7719",24
"7720",24
"7721",21
"7722",30
"7723",21
"7724",22
"7725",20
"7726",23
"7727",19
"7728",27
"7729",19
"7730",21
"7731",18
"7732",28
"7733",26
"7734",21
"7735",24
"7736",20
"7737",21
"7738",14
"7739",24
"7740",15
"7741",25
"7742",24
"7743",23
"7744",18
"7745",25
"7746",21
"7747",25
"7748",18
"7749",20
"7750",20
"7751",25
"7752",22
"7753",20
"7754",19
"7755",28
"7756",20
"7757",16
"7758",22
"7759",20
"7760",19
"7761",22
"7762",28
"7763",18
"7764",25
"7765",20
"7766",21
"7767",15
"7768",18
"7769",19
"7770",24
"7771",17
"7772",17
"7773",21
"7774",16
"7775",26
"7776",32
"7777",30
"7778",25
"7779",28
"7780",20
"7781",27
"7782",18
"7783",11
"7784",22
"7785",28
"7786",24
"7787",22
"7788",24
"7789",24
"7790",24
"7791",22
"7792",19
"7793",18
"7794",20
"7795",21
"7796",22
"7797",29
"7798",19
"7799",24
"7800",22
"7801",23
"7802",22
"7803",22
"7804",23
"7805",29
"7806",21
"7807",21
"7808",29
"7809",28
"7810",22
"7811",25
"7812",19
"7813",22
"7814",20
"7815",20
"7816",23
"7817",21
"7818",13
"7819",24
"7820",27
"7821",26
"7822",23
"7823",25
"7824",20
"7825",19
"7826",16
"7827",28
"7828",13
"7829",24
"7830",25
"7831",16
"7832",19
"7833",22
"7834",28
"7835",28
"7836",11
"7837",21
"7838",21
"7839",27
"7840",26
"7841",24
"7842",21
"7843",29
"7844",24
"7845",18
"7846",17
"7847",24
"7848",19
"7849",20
"7850",12
"7851",27
"7852",20
"7853",19
"7854",24
"7855",26
"7856",22
"7857",25
"7858",26
"7859",27
"7860",28
"7861",28
"7862",25
"7863",25
"7864",20
"7865",18
"7866",29
"7867",27
"7868",26
"7869",24
"7870",14
"7871",19
"7872",24
"7873",24
"7874",23
"7875",20
"7876",19
"7877",23
"7878",31
"7879",22
"7880",28
"7881",18
"7882",26
"7883",24
"7884",19
"7885",23
"7886",23
"7887",17
"7888",22
"7889",23
"7890",24
"7891",32
"7892",16
"7893",23
"7894",28
"7895",17
"7896",19
"7897",22
"7898",23
"7899",22
"7900",18
"7901",19
"7902",20
"7903",25
"7904",28
"7905",17
"7906",25
"7907",28
"7908",23
"7909",21
"7910",21
"7911",24
"7912",26
"7913",25
"7914",22
"7915",23
"7916",15
"7917",30
"7918",18
"7919",32
"7920",22
"7921",27
"7922",22
"7923",27
"7924",23
"7925",21
"7926",11
"7927",21
"7928",22
"7929",19
"7930",23
"7931",15
"7932",29
"7933",32
"7934",21
"7935",24
"7936",18
"7937",19
"7938",21
"7939",21
"7940",18
"7941",30
"7942",17
"7943",16
"7944",20
"7945",24
"7946",19
"7947",18
"7948",11
"7949",21
"7950",30
"7951",24
"7952",21
"7953",25
"7954",25
"7955",19
"7956",18
"7957",25
"7958",15
"7959",25
"7960",35
"7961",25
"7962",28
"7963",23
"7964",36
"7965",19
"7966",30
"7967",19
"7968",28
"7969",29
"7970",24
"7971",29
"7972",21
"7973",25
"7974",26
"7975",16
"7976",27
"7977",17
"7978",20
"7979",26
"7980",20
"7981",16
"7982",21
"7983",27
"7984",22
"7985",17
"7986",24
"7987",23
"7988",18
"7989",15
"7990",33
"7991",22
"7992",15
"7993",20
"7994",20
"7995",27
"7996",18
"7997",26
"7998",26
"7999",25
"8000",21
